nose_x,nose_y,left_eye_x,left_eye_y,right_eye_x,right_eye_y,left_ear_x,left_ear_y,right_ear_x,right_ear_y,left_shoulder_x,left_shoulder_y,right_shoulder_x,right_shoulder_y,left_elbow_x,left_elbow_y,right_elbow_x,right_elbow_y,left_wrist_x,left_wrist_y,right_wrist_x,right_wrist_y,left_hip_x,left_hip_y,right_hip_x,right_hip_y,left_knee_x,left_knee_y,right_knee_x,right_knee_y,left_ankle_x,left_ankle_y,right_ankle_x,right_ankle_y
1072.541748046875,195.19293212890625,1076.287841796875,193.3199462890625,1069.1702880859375,191.44696044921875,1071.7926025390625,193.1326446533203,1065.611572265625,191.44696044921875,,,1059.8052978515625,200.99917602539062,1069.9195556640625,218.2305908203125,1051.0020751953125,215.04653930664062,1076.8497314453125,208.86569213867188,1064.675048828125,215.421142578125,1058.1195068359375,246.32533264160156,1049.1290283203125,245.9507293701172,,,,,,,1049.1290283203125,281.9119873046875
1070.792724609375,187.58657836914062,1074.44970703125,182.97023010253906,1069.2530517578125,182.97023010253906,,,1064.6336669921875,187.20188903808594,,,1060.3992919921875,198.9351043701172,1071.3702392578125,218.74691772460938,1052.508056640625,215.28466796875,1077.3367919921875,209.32188415527344,1075.2196044921875,211.43771362304688,1059.2445068359375,239.71282958984375,1050.390869140625,237.4046630859375,1060.014404296875,259.524658203125,1049.0435791015625,258.7552490234375,1060.2069091796875,284.1451721191406,1047.311279296875,277.99005126953125
1068.5909423828125,183.72882080078125,1069.577880859375,179.77865600585938,1066.8145751953125,180.17367553710938,1082.2100830078125,192.61666870117188,1064.2486572265625,182.14874267578125,,,1081.0257568359375,198.9369354248047,,,,,1068.3935546875,175.4334716796875,1068.3935546875,175.8284912109375,1050.826904296875,218.292724609375,,,1046.484619140625,239.0310821533203,1060.3011474609375,238.8335723876953,1056.5509033203125,279.125244140625,,
1067.555419921875,183.763671875,1068.7926025390625,179.43203735351562,1065.6995849609375,180.05084228515625,1072.504150390625,181.49472045898438,1064.874755859375,181.49472045898438,1076.8343505859375,191.8081512451172,1062.6065673828125,189.5391845703125,1080.752197265625,204.18426513671875,1044.2547607421875,241.3126220703125,1077.8653564453125,209.1347198486328,1037.243896484375,266.8899230957031,1066.7305908203125,217.79800415039062,1055.595703125,213.67262268066406,1061.5755615234375,246.05679321289062,1060.750732421875,247.29440307617188,1056.8330078125,273.69677734375,1036.4190673828125,272.046630859375
1067.80126953125,207.98971557617188,1070.9630126953125,206.09078979492188,1066.53662109375,183.51458740234375,1084.874755859375,183.51458740234375,1065.2718505859375,185.41351318359375,,,1061.6885986328125,194.064208984375,1082.134521484375,207.35675048828125,1082.3453369140625,207.35675048828125,1076.6541748046875,210.7326202392578,1076.6541748046875,210.7326202392578,1068.6444091796875,218.75035095214844,1069.487548828125,218.9613494873047,1063.1640625,242.38153076171875,1062.9532470703125,241.5375518798828,,,,
1068.3167724609375,190.5935821533203,1069.8389892578125,189.7236328125,1082.234130859375,181.89398193359375,1081.146728515625,181.89398193359375,1074.8404541015625,186.46127319335938,,,1062.8802490234375,196.4658203125,1079.189697265625,214.73495483398438,1056.1390380859375,208.21026611328125,1072.6658935546875,220.82467651367188,1072.88330078125,219.08474731445312,1067.664306640625,222.99957275390625,1066.7945556640625,222.78207397460938,1063.7501220703125,245.1835174560547,1062.8802490234375,244.0960693359375,1060.4881591796875,270.62982177734375,,
1089.2137451171875,187.11837768554688,1090.10302734375,184.4498291015625,1092.7708740234375,184.22744750976562,1082.322021484375,181.7812957763672,1090.3253173828125,183.3379364013672,1074.7633056640625,191.1211700439453,1086.32373046875,199.79391479492188,1078.5426025390625,221.36456298828125,1078.764892578125,221.36456298828125,1080.54345703125,212.91421508789062,,,,,1064.9814453125,222.69882202148438,1065.2037353515625,251.60797119140625,1064.5367431640625,252.94223022460938,,,1062.535888671875,278.51568603515625
1072.523681640625,213.0363006591797,1074.068115234375,210.82632446289062,1071.42041015625,209.94232177734375,1074.72998046875,212.37330627441406,1068.993408203125,210.163330078125,,,,,,,,,1029.2789306640625,238.23011779785156,1029.2789306640625,238.23011779785156,,,,,,,,,,,,
1083.3291015625,199.49359130859375,1087.7523193359375,196.83950805664062,1082.88671875,195.51246643066406,1090.18505859375,199.71478271484375,1080.4539794921875,195.51246643066406,1084.2137451171875,214.09109497070312,,,1067.1842041015625,261.2011413574219,1036.8848876953125,228.68856811523438,1078.2423095703125,237.0931854248047,1035.779052734375,224.2650909423828,,,,,1067.4052734375,261.64349365234375,,,,,,
1084.591552734375,207.36776733398438,1087.2587890625,205.14524841308594,1083.4803466796875,203.81173706054688,1089.70361328125,208.03451538085938,1081.2576904296875,204.47850036621094,1077.2569580078125,223.14756774902344,1061.0318603515625,219.14706420898438,1073.923095703125,234.70462036132812,1084.369384765625,211.3682861328125,1084.1470947265625,237.81613159179688,1089.70361328125,199.36672973632812,,,1066.8106689453125,245.15042114257812,1068.81103515625,268.9312744140625,1068.366455078125,269.5980224609375,1065.2547607421875,294.04559326171875,,
1084.514404296875,226.311767578125,1085.4033203125,224.75552368164062,1082.5142822265625,211.86099243164062,1078.069580078125,216.75201416015625,1078.291748046875,215.19578552246094,1078.291748046875,226.311767578125,1066.957763671875,224.31089782714844,,,1074.958251953125,239.42864990234375,1088.9591064453125,211.638671875,1094.070556640625,237.65008544921875,,,1068.2911376953125,250.09999084472656,1068.513427734375,273.4435729980469,1068.06884765625,272.5542907714844,1064.068603515625,295.4532165527344,,
1080.8590087890625,219.99285888671875,1083.950927734375,219.5509033203125,1080.6380615234375,217.56207275390625,1086.159423828125,222.8656005859375,1078.4295654296875,216.89913940429688,,,,,1077.76708984375,244.30062866210938,1081.7423095703125,225.07537841796875,1093.4473876953125,240.322998046875,1062.086669921875,246.2894287109375,,,1070.47900390625,252.69784545898438,,,1070.037353515625,273.0279846191406,,,,
220.2024688720703,395.4906311035156,217.75503540039062,392.6600646972656,215.11929321289062,392.4713439941406,207.9652099609375,393.9809875488281,209.2830810546875,393.9809875488281,201.75247192382812,406.624267578125,206.64736938476562,410.58709716796875,213.98971557617188,431.72210693359375,210.78919982910156,437.194580078125,225.47390747070312,438.13812255859375,228.8626708984375,447.7620849609375,203.4468536376953,451.1588134765625,206.83563232421875,453.6119689941406,204.38818359375,482.8613586425781,208.90655517578125,482.8613586425781,,,,
220.17816162109375,394.52850341796875,219.4248046875,392.2645568847656,216.5998077392578,392.0758972167969,209.06646728515625,394.15118408203125,209.63145446777344,393.77386474609375,202.8514404296875,407.16876220703125,206.99478149414062,409.4327087402344,214.71646118164062,432.8266296386719,210.94979858398438,437.16583251953125,226.204833984375,438.109130859375,229.21817016601562,447.54217529296875,202.8514404296875,450.1834411621094,207.18310546875,453.2019958496094,203.6047821044922,482.4444274902344,209.81979370117188,482.4444274902344,,,,
219.46731567382812,395.4136962890625,218.5266571044922,392.39404296875,217.39785766601562,392.582763671875,208.7437744140625,394.09259033203125,209.12002563476562,393.90386962890625,203.09979248046875,406.7374267578125,207.05056762695312,409.757080078125,214.57586669921875,430.70599365234375,211.37762451171875,437.877685546875,226.24008178710938,439.5762634277344,229.62646484375,447.12542724609375,211.18948364257812,449.0126953125,207.23870849609375,453.16473388671875,204.2285919189453,481.6628112792969,208.55563354492188,481.6628112792969,,,,
219.609619140625,395.37982177734375,219.04351806640625,392.3602600097656,217.15652465820312,392.5489807128906,209.23117065429688,394.24749755859375,209.23117065429688,394.0587463378906,203.19281005859375,406.70318603515625,206.77810668945312,408.7791442871094,214.51473999023438,430.6709899902344,211.30685424804688,437.8424377441406,225.08187866210938,439.16351318359375,228.85586547851562,446.9011535644531,210.92947387695312,449.92071533203125,207.53289794921875,453.5064392089844,204.13632202148438,480.4937744140625,208.6650848388672,480.4937744140625,,,,
1074.40576171875,215.44741821289062,1076.560546875,213.87684631347656,1072.8387451171875,213.68052673339844,1079.302978515625,215.2510986328125,1069.5086669921875,213.87684631347656,1079.890625,225.8524169921875,1061.6732177734375,223.30023193359375,1085.7672119140625,237.239013671875,1053.641845703125,236.84637451171875,1085.7672119140625,249.60720825195312,1052.07470703125,244.69918823242188,1074.993408203125,249.01824951171875,1062.8485107421875,249.21456909179688,1081.4576416015625,267.4723815917969,1063.4361572265625,269.04296875,1077.148193359375,287.10443115234375,1059.322509765625,280.2332458496094
1072.9603271484375,215.30194091796875,1074.8828125,213.37661743164062,1071.42236328125,213.18408203125,1077.3819580078125,213.95420837402344,1068.1541748046875,213.76168823242188,1080.650146484375,222.61822509765625,1060.079833984375,224.15847778320312,1084.4951171875,237.0582275390625,1051.0443115234375,243.60435485839844,1084.4951171875,248.99530029296875,1060.079833984375,254.00115966796875,1074.3060302734375,250.53555297851562,1061.81005859375,251.1131591796875,1085.6485595703125,269.40380859375,1063.3480224609375,275.37237548828125,1081.03466796875,288.8497314453125,1058.9263916015625,296.93609619140625
1070.9654541015625,214.68980407714844,1073.067138671875,212.96942138671875,1069.2459716796875,212.96942138671875,1076.315185546875,214.3074951171875,1066.571044921875,214.1163330078125,1080.1363525390625,223.2917022705078,1060.074951171875,224.8209228515625,1082.238037109375,236.86358642578125,1048.9935302734375,243.7451171875,1082.811279296875,251.00894165039062,1058.9287109375,256.1700744628906,1071.729736328125,251.20010375976562,1061.221435546875,252.72930908203125,1092.9375,268.59503173828125,1064.8515625,279.1084899902344,1085.2950439453125,288.2838134765625,1058.35546875,301.2822570800781
1069.746826171875,214.9628448486328,1071.871337890625,213.21908569335938,1067.8154296875,213.0253448486328,1074.96142578125,214.57534790039062,1065.3046875,213.9940948486328,1078.2447509765625,225.03781127929688,1058.1585693359375,226.7815704345703,1080.94873046875,240.15029907226562,1046.18408203125,244.21905517578125,1080.755615234375,252.9377899169922,1057.19287109375,255.45654296875,1074.5751953125,254.48779296875,1063.373291015625,256.2315368652344,1095.2408447265625,270.1815185546875,1067.2359619140625,279.8690185546875,1089.44677734375,288.39398193359375,1056.613525390625,307.5752258300781
1068.5281982421875,214.11802673339844,1070.6729736328125,212.36526489257812,1066.578369140625,212.17050170898438,1074.1827392578125,213.92327880859375,1063.8486328125,212.9495086669922,1078.27734375,224.6346435546875,1057.609130859375,225.80316162109375,1081.0072021484375,237.48829650878906,1046.885009765625,241.96759033203125,1079.447265625,247.81016540527344,1056.0491943359375,253.84747314453125,1075.547607421875,250.14718627929688,1062.8736572265625,252.67897033691406,1084.9068603515625,260.2742919921875,1065.408447265625,279.5547790527344,1094.071044921875,270.79095458984375,1055.854248046875,308.5728759765625
1067.5975341796875,212.78155517578125,1069.76416015625,210.8092041015625,1066.021728515625,210.8092041015625,1073.70361328125,211.40090942382812,1063.8551025390625,211.59814453125,1078.8248291015625,223.03778076171875,1059.521728515625,223.23501586914062,1081.58251953125,236.64700317382812,1047.3095703125,238.81658935546875,1074.6884765625,249.07281494140625,1054.597412109375,250.65069580078125,1077.2491455078125,248.48110961914062,1063.8551025390625,251.045166015625,1086.309814453125,262.48480224609375,1061.8853759765625,278.6580810546875,1095.5673828125,292.6617736816406,1056.567138671875,298.97332763671875
1066.82861328125,211.3035888671875,1069.2078857421875,209.31842041015625,1064.845947265625,209.31842041015625,1073.37158203125,210.70803833007812,1062.8631591796875,210.90655517578125,1078.923095703125,222.42051696777344,1058.8978271484375,222.2220001220703,1081.897216796875,237.50778198242188,1049.77734375,234.530029296875,1075.9490966796875,247.43359375,1051.561767578125,230.75820922851562,1077.7335205078125,247.83062744140625,1062.8631591796875,250.01431274414062,1088.2418212890625,262.9178771972656,1060.08740234375,277.2110900878906,1095.776123046875,278.40216064453125,1057.1134033203125,296.0701599121094
1066.314453125,211.23324584960938,1068.5126953125,209.43429565429688,1064.7156982421875,209.43429565429688,1072.70947265625,210.03395080566406,1062.5174560546875,210.03395080566406,1078.3050537109375,222.62660217285156,1059.3199462890625,222.22683715820312,1081.702392578125,238.6172637939453,1048.3284912109375,236.21865844726562,1073.7086181640625,248.81130981445312,1054.92333984375,249.81072998046875,1079.7039794921875,249.4109649658203,1062.71728515625,251.01004028320312,1090.295654296875,269.99896240234375,1058.120849609375,275.7955627441406,,,1054.92333984375,294.984375
1065.5338134765625,212.00880432128906,1067.5433349609375,209.99771118164062,1063.5244140625,209.99771118164062,1071.5621337890625,211.20437622070312,1061.7158203125,211.60658264160156,1078.59521484375,224.0753173828125,1058.500732421875,223.2708740234375,1082.8150634765625,238.35403442382812,1049.458251953125,238.35403442382812,1071.5621337890625,248.81167602539062,1053.8790283203125,250.82275390625,1078.59521484375,248.81167602539062,1062.7205810546875,249.01278686523438,1089.4462890625,271.9391784667969,1055.486572265625,269.32476806640625,,,1054.8837890625,289.43560791015625
1065.0758056640625,212.60971069335938,1067.0899658203125,210.59979248046875,1063.4644775390625,210.59979248046875,1071.1182861328125,211.20277404785156,1061.8531494140625,212.00674438476562,1077.96630859375,223.66421508789062,1059.0333251953125,223.26223754882812,1083.001708984375,238.73858642578125,1049.5667724609375,236.5276641845703,1073.736572265625,246.57723999023438,1053.3936767578125,250.195068359375,1078.167724609375,248.3861541748047,1063.0616455078125,248.3861541748047,1089.044189453125,272.5050964355469,1055.8106689453125,268.48529052734375,,,1055.0050048828125,287.1774597167969
1063.495361328125,214.1835479736328,1065.7354736328125,211.74038696289062,1061.8662109375,211.94400024414062,1070.011962890625,212.55477905273438,1060.033447265625,212.96197509765625,1075.917724609375,224.5669708251953,1057.5897216796875,224.36337280273438,1082.434326171875,241.26187133789062,1051.6839599609375,237.80075073242188,1084.6744384765625,259.5855407714844,1052.49853515625,250.4237060546875,1080.1942138671875,248.99853515625,1064.3099365234375,248.99853515625,1088.340087890625,276.07684326171875,1052.7021484375,273.22650146484375,,,1056.775146484375,293.178955078125
1062.6990966796875,213.37408447265625,1064.9510498046875,211.3259735107422,1061.061279296875,211.53079223632812,1069.4549560546875,213.16928100585938,1059.0140380859375,213.57888793945312,1076.006103515625,226.27716064453125,1056.966796875,225.0482940673828,1082.1478271484375,241.63796997070312,1052.2581787109375,238.77061462402344,1075.391845703125,245.52935791015625,1053.6912841796875,230.16856384277344,1078.8721923828125,249.62557983398438,1063.313232421875,249.83038330078125,1087.8800048828125,276.2509765625,1051.234619140625,272.7691955566406,,,1057.376220703125,293.04547119140625
1059.297119140625,212.380126953125,1061.59619140625,210.50320434570312,1057.4161376953125,210.50320434570312,1065.776123046875,212.1715850830078,1056.162109375,212.1715850830078,1071.628173828125,224.47589111328125,1054.4901123046875,223.6417236328125,1079.9881591796875,240.32553100585938,1050.3101806640625,236.78021240234375,1085.213134765625,255.13241577148438,1049.68310546875,246.79049682617188,1077.480224609375,247.62469482421875,1064.3131103515625,247.4161376953125,1083.7501220703125,276.6128234863281,1047.8021240234375,269.7307434082031,1104.023193359375,292.46246337890625,1058.670166015625,292.25390625
1056.7962646484375,210.43814086914062,1059.072998046875,208.5716552734375,1055.3475341796875,208.5716552734375,1063.21240234375,210.43814086914062,1053.27783203125,210.2307586669922,1069.0074462890625,224.12564086914062,1052.0360107421875,222.05178833007812,1078.321044921875,240.50918579101562,1048.517578125,236.3614501953125,1061.1427001953125,247.14553833007812,1048.517578125,246.73077392578125,1074.1817626953125,247.35293579101562,1060.9356689453125,247.35293579101562,1075.423583984375,275.35009765625,1044.9990234375,266.8472595214844,1100.466796875,292.56317138671875,1057.6241455078125,292.1484069824219
1053.5201416015625,210.22705078125,1055.755615234375,208.1907501220703,1051.894287109375,208.1907501220703,1060.4296875,210.02342224121094,1050.675048828125,210.22705078125,1065.916748046875,222.64852905273438,1050.4718017578125,221.63037109375,1075.26513671875,239.75350952148438,1047.22021484375,234.66275024414062,1060.0233154296875,245.65878295898438,1045.5943603515625,243.6224822998047,1070.1845703125,247.69509887695312,1057.787841796875,247.69509887695312,1067.1361083984375,273.75982666015625,1042.5460205078125,263.9855651855469,1090.913330078125,288.8284912109375,1054.5362548828125,289.23577880859375
1050.7152099609375,210.11647033691406,1052.9073486328125,208.31700134277344,1049.3203125,208.31700134277344,1057.68994140625,209.91653442382812,1047.9254150390625,209.91653442382812,1062.4725341796875,221.313232421875,1047.1282958984375,220.31350708007812,1074.42919921875,239.90780639648438,1045.135498046875,231.91014099121094,1048.323974609375,243.90664672851562,1042.544921875,240.70758056640625,1066.4581298828125,246.10601806640625,1053.9036865234375,247.10572814941406,1060.280517578125,271.4986267089844,1040.153564453125,262.901123046875,,,1051.5123291015625,284.69482421875
1048.00537109375,210.7428741455078,1050.142578125,208.5980224609375,1046.450927734375,208.79299926757812,1054.9998779296875,209.5729522705078,1044.8966064453125,210.3529052734375,1060.0513916015625,220.49220275878906,1045.2852783203125,219.90724182128906,1070.1546630859375,238.43096923828125,1044.702392578125,230.63150024414062,1067.6287841796875,252.2750244140625,1041.0107421875,239.79586791992188,1061.994384765625,248.1802978515625,1050.919677734375,246.42543029785156,1051.6968994140625,265.3391418457031,1037.125,262.60931396484375,1060.2457275390625,285.227783203125,1050.142578125,278.793212890625
1045.21435546875,211.54660034179688,1047.708984375,209.4296417236328,1043.6790771484375,209.4296417236328,1052.3145751953125,210.96925354003906,1042.1439208984375,211.1616973876953,1057.112060546875,222.32386779785156,1043.6790771484375,220.59181213378906,1069.5855712890625,241.95388793945312,1042.7196044921875,230.21437072753906,1040.416748046875,245.995361328125,1038.114013671875,238.1048583984375,1062.29345703125,247.7274169921875,1049.4361572265625,247.91989135742188,1047.708984375,266.39520263671875,1034.4678955078125,263.70086669921875,1056.344482421875,289.10443115234375,1053.4659423828125,286.02520751953125
1042.681396484375,211.39781188964844,1044.96826171875,209.48617553710938,1040.96630859375,209.48617553710938,1049.732421875,211.20664978027344,1040.013427734375,211.01548767089844,1055.449462890625,226.11737060546875,1042.4908447265625,222.1029510498047,1055.0682373046875,248.10113525390625,1030.6756591796875,241.79275512695312,1040.2041015625,247.33648681640625,1032.77197265625,241.98391723632812,1058.307861328125,252.1155548095703,1047.445556640625,250.96856689453125,1045.349365234375,268.36444091796875,1031.2474365234375,263.0118408203125,1056.211669921875,291.11285400390625,1044.96826171875,284.23095703125
1039.751953125,212.820068359375,1041.83935546875,210.54019165039062,1038.4237060546875,210.7301788330078,1046.773193359375,211.30014038085938,1037.28515625,212.25009155273438,1051.1376953125,221.93960571289062,1039.751953125,221.36962890625,1058.7281494140625,232.00909423828125,1039.1827392578125,229.7292022705078,1034.2489013671875,245.30841064453125,1031.781982421875,236.75885009765625,1055.502197265625,250.4381561279297,1044.1165771484375,250.2481689453125,1043.357421875,271.1470947265625,1028.935546875,261.6475830078125,1056.071533203125,292.0460205078125,1039.9417724609375,284.0664367675781
1035.227294921875,211.2484130859375,1037.314453125,208.58975219726562,1033.7093505859375,208.58975219726562,1042.0582275390625,209.91908264160156,1032.381103515625,210.10897827148438,1046.612060546875,223.21234130859375,1037.314453125,221.50320434570312,1059.3251953125,245.6209716796875,1034.8477783203125,229.09933471679688,1046.612060546875,251.88778686523438,1024.0322265625,235.7459716796875,1054.9609375,250.93826293945312,1044.52490234375,250.36856079101562,1045.283935546875,272.7771911621094,1027.2579345703125,259.2940368652344,1055.719970703125,292.1473388671875,1030.863037109375,285.69061279296875
1034.1236572265625,209.8960723876953,1036.5849609375,207.9976348876953,1032.79833984375,207.9976348876953,1040.939697265625,208.56716918945312,1031.28369140625,208.7570037841797,1044.536865234375,219.9578094482422,1036.0169677734375,219.578125,1058.5474853515625,245.2070770263672,1032.9876708984375,225.65313720703125,1044.9156494140625,250.14303588867188,1021.6278686523438,232.29766845703125,1053.435546875,249.573486328125,1043.779541015625,248.43443298339844,1044.726318359375,273.87353515625,1026.361083984375,261.53369140625,1055.5181884765625,292.2884216308594,1029.01171875,286.9727783203125
1028.8851318359375,206.84315490722656,1031.3851318359375,204.72662353515625,1027.5389404296875,204.91903686523438,1035.6160888671875,204.91903686523438,1026.1927490234375,205.30386352539062,1040.6162109375,217.6182403564453,1032.5390625,215.30929565429688,1054.462646484375,241.47735595703125,1028.30810546875,223.0057830810547,1048.8856201171875,249.75108337402344,1016.1924438476562,226.66162109375,1048.693359375,248.01937866210938,1039.4622802734375,245.90283203125,1044.8470458984375,270.91644287109375,1023.5003662109375,256.2930908203125,1054.0780029296875,290.73486328125,1029.4620361328125,286.8866271972656
1027.732666015625,206.28045654296875,1030.0555419921875,203.76480102539062,1026.1842041015625,203.95831298828125,1034.1204833984375,204.15182495117188,1025.21630859375,204.3453369140625,1039.73388671875,214.60147094726562,1030.63623046875,214.79498291015625,1047.08935546875,230.85646057128906,1025.9906005859375,220.40682983398438,1051.154296875,247.69198608398438,1013.989501953125,224.27706909179688,1049.992919921875,245.75686645507812,1040.895263671875,243.24122619628906,1044.960205078125,270.3328857421875,1020.9578857421875,258.5286560058594,1056.7677001953125,299.35968017578125,1029.28125,285.8138427734375
1024.8359375,201.51364135742188,1026.9893798828125,199.157958984375,1023.2698364257812,199.35426330566406,1031.6876220703125,199.35426330566406,1022.09521484375,200.72840881347656,1035.7987060546875,210.15115356445312,1027.7723388671875,212.11422729492188,1053.02587890625,236.25997924804688,1026.206298828125,229.3892364501953,1047.153076171875,243.71963500976562,1009.5663452148438,228.0150909423828,1047.153076171875,241.75657653808594,1037.9521484375,241.75657653808594,1041.280029296875,266.8838806152344,1020.1375732421875,256.6759033203125,1053.2216796875,287.88873291015625,1027.9681396484375,284.355224609375
1021.9559936523438,198.91017150878906,1024.135498046875,196.72296142578125,1020.7671508789062,196.72296142578125,1029.6832275390625,196.72296142578125,1019.7764892578125,197.31947326660156,1035.0328369140625,208.85205078125,1025.918701171875,208.6531982421875,1043.3544921875,225.15670776367188,1019.3802490234375,231.121826171875,1045.1378173828125,243.44973754882812,1007.2940063476562,224.759033203125,1044.9395751953125,240.46719360351562,1034.042236328125,239.0753173828125,1037.0142822265625,264.9241943359375,1018.587646484375,254.5846405029297,1057.2239990234375,290.7730407714844,1027.701904296875,282.6207275390625
1020.86572265625,197.15567016601562,1023.0784912109375,194.5421142578125,1019.4575805664062,194.7431640625,1027.9063720703125,194.94419860839844,1028.9122314453125,193.93899536132812,1032.9354248046875,206.60464477539062,1024.486572265625,207.00672912597656,1040.57958984375,221.48175048828125,1015.0320434570312,224.89947509765625,1042.7923583984375,241.18389892578125,1005.3762817382812,215.65155029296875,1044.803955078125,237.16305541992188,1035.349365234375,237.16305541992188,1034.343505859375,263.0975036621094,1017.6471557617188,250.83392333984375,1051.2410888671875,278.1756591796875,1026.699462890625,279.78399658203125
1018.6326904296875,196.15249633789062,1021.8652954101562,193.7244873046875,1017.8245849609375,193.92681884765625,1026.51220703125,193.5221405029297,1015.80419921875,195.74783325195312,1032.169189453125,206.06689453125,1022.0673217773438,207.0785675048828,1048.938232421875,229.13302612304688,1010.955322265625,220.83731079101562,1043.4832763671875,240.26144409179688,,,1043.8873291015625,237.02407836914062,1034.9976806640625,236.21475219726562,1033.1793212890625,262.7205810546875,1016.6123657226562,248.55715942382812,1051.96875,276.07464599609375,1024.087646484375,277.4909973144531
1006.4414672851562,215.29446411132812,1011.7280883789062,213.46278381347656,1002.1715087890625,211.42758178710938,1013.5580444335938,196.16366577148438,1013.5580444335938,194.739013671875,1029.6212158203125,204.5079345703125,1022.3013305664062,203.8973846435547,1038.7711181640625,220.7894744873047,1007.6614379882812,215.7014923095703,1039.787841796875,237.27452087402344,,,1041.6177978515625,235.64637756347656,1033.8912353515625,233.40765380859375,1031.85791015625,264.54608154296875,1017.0147094726562,250.50326538085938,1054.6309814453125,276.5537109375,1020.4713134765625,278.3853759765625
1017.0745849609375,195.79605102539062,1019.3367309570312,191.67062377929688,1015.635009765625,193.32080078125,1025.300537109375,191.46435546875,1026.328857421875,191.05181884765625,1031.058837890625,202.19046020507812,1019.748046875,203.4281005859375,1036.611328125,220.13607788085938,1003.501708984375,211.47267150878906,1038.2564697265625,237.66912841796875,,,1040.5186767578125,235.400146484375,1031.264404296875,235.19387817382812,1032.292724609375,265.10321044921875,1016.0463256835938,251.90185546875,1058.821533203125,279.95477294921875,1016.0463256835938,277.27325439453125
1016.4658813476562,197.98739624023438,1017.916015625,194.6682891845703,1015.63720703125,194.875732421875,1024.3382568359375,192.80130004882812,1025.1668701171875,192.59385681152344,1031.1746826171875,202.34371948242188,1034.0750732421875,201.9288330078125,1035.5252685546875,220.8062286376953,,,1037.3897705078125,239.26873779296875,,,1038.2183837890625,236.15707397460938,1031.3818359375,236.36453247070312,1031.7962646484375,267.6885681152344,1015.0157470703125,252.96005249023438,1057.48486328125,278.47564697265625,1016.0515747070312,277.6458740234375
1015.5237426757812,199.78460693359375,1017.00048828125,196.4093017578125,1013.8360595703125,197.675048828125,1023.5401611328125,194.29974365234375,1024.594970703125,194.08877563476562,1029.868896484375,203.79278564453125,1033.666259765625,202.94894409179688,1035.1429443359375,221.30215454101562,1038.729248046875,219.19259643554688,1036.83056640625,239.65536499023438,999.4909057617188,205.90234375,1035.1429443359375,236.069091796875,1031.134765625,234.80335998535156,1031.134765625,270.2440185546875,1013.2032470703125,253.57846069335938,1060.4580078125,280.36993408203125,1016.7894897460938,278.4713134765625
1012.7467041015625,199.61065673828125,1014.0362548828125,197.0334930419922,1012.1019897460938,197.24826049804688,1022.2033081054688,195.31536865234375,1023.2779541015625,195.10061645507812,1019.624267578125,206.48312377929688,1032.3046875,203.26165771484375,1012.961669921875,212.0670166015625,,,1007.1587524414062,208.84555053710938,,,1032.5196533203125,235.47634887695312,1043.05078125,235.26158142089844,1033.3792724609375,271.342041015625,1011.672119140625,252.22796630859375,1061.3192138671875,281.22119140625,1016.400390625,278.64404296875
1012.76025390625,200.28897094726562,1014.9422607421875,196.56997680664062,1011.669189453125,197.44503784179688,1021.9248657226562,195.03863525390625,1035.2353515625,245.3543701171875,1019.306396484375,207.72694396972656,1032.616943359375,204.00794982910156,1033.0533447265625,222.3841552734375,,,1009.7053833007812,210.35211181640625,,,1033.7080078125,235.947509765625,1043.5272216796875,235.50997924804688,1035.0172119140625,270.2934875488281,1011.4509887695312,251.47976684570312,1062.5111083984375,282.5442810058594,1016.0333251953125,279.0440673828125
1011.9541015625,200.79493713378906,1012.1775512695312,196.7657470703125,1011.0601196289062,196.54190063476562,1013.9655151367188,195.87037658691406,1022.6817016601562,192.51272583007812,1024.24609375,202.13800048828125,1030.950927734375,200.79493713378906,1036.314697265625,221.6124267578125,1000.7794799804688,216.24017333984375,1039.8905029296875,240.8629913330078,,,1040.114013671875,235.2668914794922,1030.2803955078125,235.49072265625,1038.7730712890625,265.261962890625,1012.1775512695312,251.15980529785156,1059.5577392578125,278.91644287109375,1015.9769287109375,278.46875
1013.2445678710938,198.02902221679688,1015.7169799804688,192.18145751953125,1011.6712036132812,192.63125610351562,1022.235107421875,190.3822021484375,1022.235107421875,190.3822021484375,1026.955078125,203.65170288085938,1019.08837890625,205.9007568359375,1036.17041015625,220.74459838867188,,,1042.913330078125,239.1869659423828,,,1041.115234375,234.91372680664062,1028.753173828125,235.13864135742188,1040.6656494140625,262.5772705078125,1011.89599609375,250.4322967529297,1059.5457763671875,277.64599609375,1015.4921875,277.87091064453125
1014.689208984375,187.71011352539062,1015.1311645507812,181.96170043945312,1013.1422119140625,185.9413604736328,1020.4349975585938,181.96170043945312,1012.2582397460938,186.383544921875,1032.589599609375,199.42799377441406,1020.656005859375,199.64907836914062,1030.379638671875,207.16622924804688,,,1015.1311645507812,214.90444946289062,,,1041.4293212890625,233.0340118408203,1027.94873046875,232.8129119873047,1047.3961181640625,254.70103454589844,1014.4682006835938,250.05810546875,1016.2361450195312,278.5790100097656,1016.2361450195312,277.91571044921875
1013.874755859375,181.29257202148438,1016.0690307617188,178.21273803710938,1011.6804809570312,178.87271118164062,1021.1158447265625,177.33279418945312,1011.022216796875,180.41262817382812,1026.6014404296875,187.01223754882812,1015.630126953125,194.4918212890625,1039.1087646484375,203.0713348388672,1010.3639526367188,210.77090454101562,1045.910888671875,224.63011169433594,1002.6840209960938,223.3101806640625,1043.9361572265625,219.35040283203125,1030.1123046875,223.09019470214844,1050.2994384765625,243.54904174804688,1016.0690307617188,251.68856811523438,1059.2958984375,267.9676513671875,1017.3855590820312,277.8670654296875
1012.5497436523438,178.77618408203125,1015.218505859375,175.6620635986328,1011.882568359375,175.88450622558594,1021.8905029296875,174.77232360839844,1021.8905029296875,174.99476623535156,1025.4488525390625,188.78582763671875,1016.5529174804688,193.90188598632812,1008.5465698242188,211.47438049316406,1008.3241577148438,210.13975524902344,988.0858764648438,224.37570190429688,991.6442260742188,222.59622192382812,1026.3385009765625,232.16098022460938,,,1017.6649169921875,253.29248046875,,,1017.2200927734375,277.98297119140625,,
1039.449462890625,214.1961212158203,1042.2908935546875,210.26486206054688,1035.7335205078125,210.48326110839844,1044.476806640625,210.48326110839844,1026.1160888671875,210.70166015625,1050.596923828125,227.51870727539062,,,,,,,1060.4329833984375,264.86566162109375,,,,,,,,,1017.81005859375,254.81912231445312,1017.5914916992188,278.8434753417969,,
1034.805908203125,186.263671875,1036.9638671875,183.2386932373047,1031.5689697265625,198.7957763671875,1039.7691650390625,183.88690185546875,1030.705810546875,184.75119018554688,1043.6534423828125,192.0975799560547,1022.7213745117188,192.74578857421875,1046.890380859375,196.20291137695312,1023.5845947265625,205.71002197265625,1061.7801513671875,262.53656005859375,1016.46337890625,190.5850830078125,1045.1640625,215.21713256835938,1030.489990234375,216.7296142578125,1054.874755859375,232.93490600585938,1023.3687744140625,236.60809326171875,1060.0538330078125,255.83837890625,1018.405517578125,255.83837890625
1027.8009033203125,175.71791076660156,1028.657958984375,174.8576202392578,1024.158447265625,174.64254760742188,1031.0147705078125,181.09469604492188,1019.0162353515625,180.879638671875,1032.7288818359375,192.49349975585938,1020.7302856445312,193.1387176513672,,,1017.516357421875,191.41815185546875,1062.0826416015625,254.6492156982422,1016.0165405273438,185.18106079101562,1043.2276611328125,214.2157440185547,1029.30078125,216.15138244628906,1054.7977294921875,229.270751953125,1017.087890625,254.2190704345703,1061.2255859375,251.85328674316406,1016.8735961914062,278.52215576171875
1037.703857421875,189.8900146484375,1040.034912109375,187.97695922851562,1034.9490966796875,187.97695922851562,1042.1539306640625,189.2523193359375,1017.9967651367188,196.0542755126953,,,1023.7182006835938,193.71609497070312,,,1016.725341796875,184.15084838867188,1043.63720703125,199.45526123046875,1031.7706298828125,186.27645874023438,1045.33251953125,216.24758911132812,1030.2872314453125,216.0350341796875,1056.9871826171875,229.42637634277344,1017.5729370117188,253.02066040039062,1063.1324462890625,254.9337158203125,1016.725341796875,278.7405700683594
1023.3084106445312,171.1982879638672,1025.2149658203125,171.1982879638672,1021.4019165039062,171.1982879638672,1041.7381591796875,206.6591033935547,1021.4019165039062,171.1982879638672,1034.112060546875,180.541259765625,1022.2492065429688,181.60296630859375,,,1031.570068359375,186.27444458007812,1064.404541015625,257.408447265625,1040.8907470703125,182.23997497558594,1043.220947265625,213.45399475097656,1028.816162109375,215.78973388671875,1056.990234375,231.29058837890625,1018.224365234375,251.46290588378906,1064.1927490234375,257.408447265625,1016.953369140625,280.55352783203125
1029.877685546875,168.6480712890625,1031.9957275390625,166.09774780273438,1027.5477294921875,166.31027221679688,1035.3846435546875,166.73532104492188,1025.853271484375,168.01048278808594,1035.8082275390625,180.3369903564453,1025.2178955078125,179.6994171142578,,,1041.5269775390625,188.62551879882812,1054.8707275390625,197.97665405273438,1052.9644775390625,196.0639190673828,1046.1866455078125,213.7035675048828,1029.877685546875,215.61630249023438,1055.9296875,236.44384765625,1019.7109375,248.77035522460938,1063.9783935546875,254.29603576660156,1016.5338745117188,275.76116943359375
1028.8636474609375,169.61424255371094,1031.3944091796875,166.024658203125,1027.3873291015625,166.65811157226562,1036.6669921875,167.08041381835938,1027.1763916015625,168.13616943359375,1039.40869140625,179.11605834960938,1028.2308349609375,181.2275848388672,,,1043.4158935546875,189.04019165039062,1054.8045654296875,198.33087158203125,1042.572265625,212.26687622070312,1044.048583984375,212.68917846679688,1032.027099609375,214.5895538330078,1055.648193359375,235.70472717285156,1019.7947998046875,249.0072784423828,1064.506103515625,254.28607177734375,1016.6312255859375,276.03466796875
1033.6859130859375,170.60479736328125,1036.2135009765625,168.4931640625,1032.843505859375,168.4931640625,1041.68994140625,169.54898071289062,1031.3690185546875,169.76014709472656,1045.9024658203125,180.10711669921875,1030.94775390625,180.7406005859375,1046.7449951171875,197.2113037109375,1031.158447265625,187.49781799316406,1049.904541015625,214.73779296875,1042.9537353515625,217.48292541503906,1043.7962646484375,217.69407653808594,1032.0009765625,219.59454345703125,1057.06591796875,241.3443145751953,1023.3651123046875,238.38803100585938,1065.280517578125,258.2373046875,1019.1524658203125,256.33685302734375
1035.494384765625,172.56170654296875,1038.65625,168.7636260986328,1034.229736328125,168.7636260986328,1039.28857421875,186.06600952148438,1032.54345703125,168.7636260986328,,,1032.3326416015625,182.4789276123047,,,1045.1905517578125,197.249267578125,1066.690673828125,262.87176513671875,1054.88671875,190.28610229492188,1047.087646484375,217.927734375,1032.3326416015625,217.927734375,1058.0484619140625,241.1382598876953,1024.5335693359375,237.3401641845703,,,1019.0531005859375,256.963623046875
1040.33837890625,177.79150390625,1042.647705078125,173.59478759765625,1038.658935546875,173.59478759765625,1048.10595703125,173.59478759765625,1038.448974609375,173.59478759765625,1051.46484375,188.07345581054688,1035.5098876953125,190.17181396484375,1061.541748046875,194.7882080078125,1034.460205078125,214.9324493408203,1049.3656005859375,208.21771240234375,1046.216552734375,213.67343139648438,1048.52587890625,224.37506103515625,1036.1396484375,224.79473876953125,1057.1331787109375,236.9652099609375,1028.162109375,240.9521026611328,1063.43115234375,265.2930603027344,1022.2839965820312,256.2701110839844
1042.68212890625,180.79632568359375,1044.9989013671875,178.8936309814453,1041.4183349609375,178.8936309814453,1049.21142578125,180.79632568359375,1039.7333984375,180.58489990234375,1052.581298828125,193.26943969726562,1034.678466796875,195.59494018554688,1055.7406005859375,207.43385314941406,1031.5191650390625,212.7190704345703,1047.737060546875,212.93048095703125,1029.62353515625,227.94052124023438,1049.000732421875,223.50091552734375,1037.2059326171875,223.9237518310547,1058.9000244140625,242.10491943359375,1029.412841796875,252.25254821777344,1064.16552734375,267.6854248046875,1022.8836059570312,259.22906494140625
1044.075439453125,182.93743896484375,1046.1826171875,181.03750610351562,1042.6004638671875,180.826416015625,1049.7647705078125,182.51522827148438,1040.9146728515625,182.3041229248047,1053.13623046875,194.54803466796875,1035.0146484375,196.23684692382812,1056.0863037109375,210.80288696289062,1030.37890625,213.33612060546875,1064.093505859375,205.52532958984375,1029.114501953125,227.6910400390625,1049.5540771484375,225.15782165527344,1036.7003173828125,225.58001708984375,1059.66845703125,242.890380859375,1032.69677734375,254.0787811279297,1065.1470947265625,268.0115051269531,1016.0501708984375,270.54473876953125
1043.43017578125,183.30911254882812,1045.5361328125,181.40963745117188,1042.1666259765625,181.19857788085938,1049.326904296875,182.8870086669922,1040.0606689453125,182.04278564453125,1051.8541259765625,194.70606994628906,1034.795654296875,194.9171142578125,1053.9600830078125,206.525146484375,1029.53076171875,212.43466186523438,1059.2249755859375,214.12310791015625,1027.4248046875,227.630615234375,1048.90576171875,225.5200653076172,1035.8486328125,225.73110961914062,1058.8038330078125,242.8265380859375,1031.4261474609375,255.48983764648438,1064.279296875,266.88677978515625,1015.8419189453125,272.16314697265625
1041.4068603515625,182.2370147705078,1043.7259521484375,180.3358917236328,1039.93115234375,180.12464904785156,1047.520751953125,182.4482421875,1037.8228759765625,181.60330200195312,1049.62890625,193.85498046875,1031.07666015625,194.27745056152344,1049.83984375,209.48641967773438,1026.2276611328125,212.2324981689453,1052.36962890625,214.1336212158203,1039.7203369140625,223.00552368164062,1046.4666748046875,223.8504638671875,1032.1307373046875,224.06170654296875,1057.0076904296875,243.91786193847656,1028.5467529296875,252.5785369873047,1063.96484375,267.9987487792969,1014.6325073242188,270.3223571777344
1038.339599609375,180.33836364746094,1040.6632080078125,178.6490020751953,1036.6497802734375,178.43783569335938,1044.254150390625,180.33836364746094,1033.4813232421875,180.127197265625,1046.57763671875,191.74159240722656,1027.5667724609375,192.37510681152344,1047.21142578125,205.25653076171875,1021.4410400390625,210.1134490966797,1048.0562744140625,221.72784423828125,1021.6522827148438,223.62838745117188,1042.9866943359375,220.24964904785156,1028.834228515625,221.09432983398438,1052.703369140625,238.6215057373047,1023.7645874023438,249.60238647460938,1062.63134765625,265.22900390625,1012.9917602539062,267.5519104003906
1034.9420166015625,178.5904083251953,1037.247314453125,176.48892211914062,1033.6845703125,176.27877807617188,1041.229248046875,178.5904083251953,1030.541015625,177.9599609375,1043.744140625,191.61959838867188,1022.9963989257812,191.61959838867188,1044.1632080078125,205.4893798828125,1016.2901000976562,208.2213134765625,1043.744140625,217.8881378173828,1026.978271484375,217.8881378173828,1038.9239501953125,220.19976806640625,1024.2537841796875,221.46066284179688,1048.9833984375,239.74356079101562,1018.5953979492188,251.51187133789062,1060.0908203125,263.4903259277344,1010.0029296875,271.26580810546875
1031.095458984375,175.87738037109375,1033.61474609375,173.98878479003906,1029.8358154296875,173.77894592285156,1037.6036376953125,175.87738037109375,1027.5264892578125,174.40847778320312,1040.1229248046875,189.09747314453125,1019.3388671875,188.2581024169922,1039.4931640625,205.46522521972656,1012.2008666992188,205.67507934570312,1039.9129638671875,220.15423583984375,1023.74755859375,215.32785034179688,1034.24462890625,217.6361083984375,1019.7587280273438,218.0557861328125,1042.6422119140625,234.2136993408203,1017.4494018554688,236.3121337890625,1056.078369140625,266.7393798828125,1014.09033203125,255.61769104003906
1026.6104736328125,174.13446044921875,1029.0517578125,172.09788513183594,1025.389892578125,172.09788513183594,1032.9169921875,173.93081665039062,1023.1520385742188,173.52349853515625,1035.968505859375,186.35394287109375,1016.64208984375,186.35394287109375,1035.15478515625,202.8502197265625,1006.6737670898438,202.8502197265625,1034.341064453125,215.88430786132812,1017.25244140625,214.0513916015625,1028.44140625,214.2550506591797,1015.0146484375,215.27334594726562,1036.7822265625,231.9732666015625,1013.9974365234375,235.43545532226562,1041.8681640625,251.52442932128906,1011.1493530273438,255.19027709960938
1025.072021484375,173.88970947265625,1027.4659423828125,171.49240112304688,1023.675537109375,171.0928497314453,1031.25634765625,173.09060668945312,1021.4810791015625,172.69105529785156,1034.2486572265625,186.07601928710938,1015.69580078125,185.4766845703125,1034.84716796875,201.85829162597656,1005.9205932617188,202.45761108398438,1034.4482421875,219.23876953125,1014.8978271484375,214.6439208984375,1027.4659423828125,215.24325561523438,1014.099853515625,215.84259033203125,1037.2410888671875,235.02105712890625,1012.1049194335938,235.2208251953125,1037.4405517578125,256.9963684082031,1005.9205932617188,270.1815490722656
1020.7930908203125,173.3690643310547,1022.73876953125,170.8377227783203,1019.43115234375,170.64300537109375,1026.8245849609375,171.81130981445312,1017.0963134765625,171.421875,1030.1322021484375,185.0522003173828,1011.2593383789062,183.6891632080078,1031.1051025390625,201.2138671875,1001.5310668945312,203.5504913330078,1027.7974853515625,215.81777954101562,1009.119140625,217.95968627929688,1023.1278686523438,215.81777954101562,1009.119140625,215.81777954101562,1030.5213623046875,235.48439025878906,1006.20068359375,235.87384033203125,1028.96484375,258.85064697265625,1003.4767456054688,250.67245483398438
1019.4581298828125,173.07215881347656,1021.7673950195312,170.95401000976562,1017.9185791015625,170.95401000976562,1024.654052734375,172.49447631835938,1015.6093139648438,171.5316925048828,1028.8876953125,185.01083374023438,1009.2587890625,184.81826782226562,1030.2347412109375,202.14859008789062,999.63671875,202.53369140625,1017.53369140625,215.05003356933594,1007.1419067382812,214.47235107421875,1021.574951171875,216.0128173828125,1007.3343505859375,214.6649169921875,1028.117919921875,236.03897094726562,1004.2553100585938,240.46783447265625,1027.34814453125,257.99072265625,1000.2140502929688,251.25112915039062
1013.9111328125,174.76840209960938,1016.2197265625,172.84490966796875,1012.3720703125,172.84490966796875,1019.6826171875,174.38369750976562,1010.0634765625,173.42196655273438,1024.2998046875,186.50161743164062,1003.5224609375,186.30926513671875,1025.26171875,203.62057495117188,996.5966796875,203.62057495117188,1025.4541015625,222.66302490234375,1001.021484375,220.7395477294922,1016.9892578125,217.27728271484375,1002.3681640625,216.3155517578125,1024.4921875,237.089111328125,998.328125,235.16563415527344,1023.5302124023438,258.0550537109375,989.6708984375,258.4397277832031
1010.7291870117188,176.68603515625,1012.8822021484375,174.32997131347656,1008.9675903320312,174.1336212158203,1016.7968139648438,175.9006805419922,1006.8145751953125,175.31166076660156,1020.71142578125,189.44810485839844,999.9640502929688,189.44810485839844,1019.7327880859375,210.06375122070312,994.0921630859375,206.136962890625,1021.8858032226562,224.00387573242188,998.9854125976562,219.8807373046875,1014.643798828125,220.0770721435547,999.5725708007812,218.70269775390625,1021.4943237304688,236.17691040039062,993.113525390625,237.7476348876953,1023.6473388671875,249.5279998779297,984.3056640625,258.16693115234375
1006.9488525390625,179.78282165527344,1009.728759765625,177.794677734375,1005.1618041992188,177.59585571289062,1013.699951171875,179.78282165527344,1002.5804443359375,179.38519287109375,1017.47265625,192.90460205078125,995.233642578125,193.50103759765625,1015.8841552734375,211.99082946777344,990.8652954101562,209.80386352539062,1016.4798583984375,223.5220947265625,991.8580932617188,222.13038635253906,1011.11865234375,222.32919311523438,997.020751953125,221.53395080566406,1020.2525634765625,237.04150390625,989.6739501953125,239.2284698486328,1023.23095703125,252.54905700683594,975.37744140625,263.88153076171875
1004.4949951171875,183.614990234375,1007.3099975585938,181.20262145996094,1003.0875244140625,180.80056762695312,1011.3314208984375,183.21292114257812,1000.6746215820312,182.207763671875,1014.7496337890625,196.27984619140625,993.4360961914062,196.27984619140625,1013.9453125,213.16635131835938,987.8060913085938,213.56842041015625,1014.1463623046875,226.2332763671875,992.8328857421875,227.0373992919922,1008.9185791015625,226.03225708007812,993.8382568359375,225.83123779296875,1018.5699462890625,240.70742797851562,985.3932495117188,246.13522338867188,1021.3849487304688,271.2639465332031,971.3182983398438,267.6453857421875
1002.0390014648438,185.24998474121094,1004.2787475585938,183.21298217773438,1000.61376953125,183.21298217773438,1007.9437255859375,184.84259033203125,998.3740234375,184.84259033203125,1012.8304443359375,198.490478515625,991.4512329101562,198.28677368164062,1012.6268310546875,214.58277893066406,986.1573486328125,214.78648376464844,1011.6087646484375,227.82327270507812,988.8042602539062,228.63809204101562,1006.5184936523438,228.43438720703125,992.2656860351562,228.43438720703125,1015.8845825195312,241.06378173828125,983.7139892578125,251.4524688720703,1019.3460083007812,273.2483825683594,,
1001.7222290039062,185.5333709716797,1003.7710571289062,183.27801513671875,999.6734008789062,183.07298278808594,1007.0491943359375,185.32833862304688,997.2147827148438,184.3031768798828,1010.9419555664062,198.65545654296875,990.4536743164062,198.24539184570312,1009.0980224609375,219.15872192382812,985.126708984375,216.08322143554688,997.6245727539062,227.97511291503906,990.6585693359375,229.20529174804688,1006.2296142578125,228.7952423095703,991.8878173828125,228.5902099609375,1014.4249267578125,242.12234497070312,982.4632568359375,255.2444305419922,1018.7274780273438,274.7225341796875,970.1702880859375,269.1866455078125
1000.9198608398438,184.43020629882812,1002.9759521484375,181.54322814941406,999.2749633789062,181.33702087402344,1006.4713745117188,183.39913940429688,996.6019897460938,183.19293212890625,1011.200439453125,197.00921630859375,990.6392211914062,196.80300903320312,1009.7611694335938,217.42430114746094,985.70458984375,214.53732299804688,997.4244384765625,225.26040649414062,991.8729248046875,227.11631774902344,1006.4713745117188,226.91009521484375,992.48974609375,226.91009521484375,1013.462158203125,239.6953125,983.0316162109375,253.0991668701172,1019.4249267578125,273.720458984375,969.4612426757812,269.5962219238281
1000.9818115234375,182.4250946044922,1003.2604370117188,180.14559936523438,999.3246459960938,180.14559936523438,1006.5748291015625,181.8034210205078,996.01025390625,180.7672882080078,1011.960693359375,195.27313232421875,991.0386962890625,194.23699951171875,1009.6820068359375,218.27523803710938,991.4530029296875,223.66311645507812,997.0460205078125,224.07757568359375,1006.5748291015625,225.73538208007812,1006.36767578125,224.69924926757812,992.48876953125,224.28480529785156,1017.9679565429688,245.62911987304688,981.302734375,249.98086547851562,1020.24658203125,272.7757568359375,970.3239135742188,267.1806640625
1000.6328125,180.01730346679688,1002.7164306640625,177.72091674804688,998.757568359375,177.72091674804688,1006.2586059570312,179.39102172851562,996.0488891601562,178.97349548339844,1012.0927734375,190.66415405273438,990.2147216796875,191.70797729492188,1013.1345825195312,204.65121459960938,986.4642333984375,207.57388305664062,1001.8829956054688,219.68206787109375,988.7562255859375,219.89083862304688,1008.5505981445312,219.26455688476562,993.5485229492188,218.01197814941406,1020.2188720703125,241.1845703125,980.8384399414062,244.7335205078125,1022.9276123046875,269.7849426269531,972.5039672851562,265.60968017578125
1000.3699951171875,179.05734252929688,1002.2550048828125,176.11639404296875,998.4849243164062,176.11639404296875,1006.4439697265625,177.79693603515625,995.5526733398438,177.79693603515625,1012.0990600585938,190.821044921875,990.3164672851562,191.24118041992188,1012.9368896484375,206.15591430664062,986.7557983398438,206.78610229492188,1013.1463012695312,219.8102264404297,988.431396484375,219.39010620117188,1008.1195678710938,219.60015869140625,993.0392456054688,218.7598876953125,1020.267578125,239.76654052734375,982.5668334960938,236.82562255859375,1023.8281860351562,267.2852783203125,973.1416625976562,263.29400634765625
1000.8319702148438,178.3878631591797,1002.9506225585938,176.26405334472656,998.7133178710938,176.26405334472656,1006.5523681640625,177.538330078125,995.7471923828125,177.32595825195312,1012.0609130859375,190.2811737060547,990.2386474609375,190.7059326171875,1013.1202392578125,204.93544006347656,987.0606079101562,206.42210388183594,1015.0270385742188,218.9525604248047,990.2386474609375,220.86398315429688,1008.247314453125,215.34210205078125,993.84033203125,215.55447387695312,1017.7813110351562,230.42111206054688,984.5182495117188,234.66873168945312,1026.8916015625,263.764892578125,973.9248657226562,259.51727294921875
1000.7711181640625,178.30897521972656,1002.6918334960938,176.38519287109375,998.636962890625,176.38519287109375,1006.31982421875,177.667724609375,996.0760498046875,177.45396423339844,1012.0819702148438,190.2791748046875,990.1005249023438,191.13418579101562,1012.7222290039062,206.7382049560547,987.326171875,206.52444458007812,1014.4295043945312,218.70840454101562,988.8200073242188,220.63218688964844,1008.8807983398438,216.57086181640625,994.1553344726562,217.21212768554688,1018.69775390625,231.96112060546875,985.4054565429688,233.88491821289062,1027.2342529296875,259.96282958984375,973.454345703125,259.53533935546875
1000.9366455078125,181.5680694580078,1003.308837890625,179.40423583984375,999.21142578125,179.40423583984375,1007.1905517578125,180.91891479492188,996.4078979492188,180.269775390625,1012.1505737304688,192.38723754882812,991.0166015625,194.11830139160156,1013.01318359375,209.26513671875,988.8600463867188,210.77981567382812,1003.5244750976562,222.46450805664062,992.526123046875,223.97918701171875,1008.4844970703125,218.1368408203125,994.8983154296875,220.08428955078125,1018.404541015625,230.2543182373047,984.5469970703125,238.04409790039062,1028.10888671875,253.840087890625,973.7642822265625,256.86944580078125
1001.1884765625,183.89990234375,1003.3757934570312,181.27748107910156,998.782470703125,181.4960174560547,1007.5316162109375,182.58868408203125,996.8139038085938,182.80722045898438,1011.6875,193.7339630126953,993.0955200195312,193.7339630126953,1012.9998779296875,212.74649047851562,989.1583862304688,215.15036010742188,1003.5945434570312,225.85858154296875,994.6266479492188,227.82537841796875,1009.062744140625,223.89175415039062,994.4078979492188,224.32882690429688,1019.9992065429688,236.78530883789062,985.0025634765625,240.06332397460938,,,974.0661010742188,257.5461120605469
1001.1310424804688,187.80128479003906,1003.5718994140625,185.5794677734375,999.3558349609375,185.5794677734375,1007.5661010742188,185.80165100097656,996.6930541992188,186.02383422851562,1012.0040893554688,198.4659423828125,992.2550659179688,198.2437744140625,1013.779296875,214.9073028564453,988.2608642578125,214.9073028564453,1002.2405395507812,229.57119750976562,988.9265747070312,227.57159423828125,1008.2318115234375,223.79452514648438,994.9178466796875,224.01669311523438,1020.6581420898438,239.5693359375,986.0419311523438,240.45806884765625,1036.4129638671875,261.343017578125,973.8374633789062,261.7873840332031
997.7322998046875,191.42587280273438,1000.1798095703125,188.53125,996.6198120117188,188.53125,1004.184814453125,189.64456176757812,995.2847900390625,189.8672332763672,1009.0797729492188,202.33639526367188,991.0573120117188,202.11373901367188,1010.6372680664062,221.0401611328125,987.7198486328125,219.48150634765625,998.3997802734375,233.06399536132812,987.7198486328125,231.72802734375,1008.1897583007812,226.60675048828125,995.0623168945312,227.94273376464844,1019.3147583007812,240.1892547607422,986.3848266601562,240.4119110107422,,,979.4873657226562,255.5530548095703
993.0043334960938,192.042724609375,994.7742309570312,190.05145263671875,992.1194458007812,190.05145263671875,998.9776000976562,190.272705078125,990.349609375,190.272705078125,1003.6234741210938,202.884033203125,985.9249267578125,202.66278076171875,1008.4906005859375,221.02664184570312,983.712646484375,218.37164306640625,995.88037109375,230.09796142578125,984.5975341796875,228.5491943359375,1003.8447265625,228.32794189453125,990.7920532226562,228.5491943359375,1016.8973999023438,241.60302734375,976.1907348632812,250.0105743408203,,,983.4913940429688,267.710693359375
984.2181396484375,189.8527374267578,986.6611328125,187.40609741210938,982.6635131835938,187.62852478027344,989.992431640625,188.0733642578125,980.2205810546875,189.1854705810547,993.9900512695312,200.52896118164062,979.3322143554688,200.97381591796875,1002.429443359375,218.10025024414062,979.110107421875,218.76751708984375,991.1029052734375,227.44195556640625,978.44384765625,226.55227661132812,998.2097778320312,224.55047607421875,986.6611328125,225.885009765625,1012.6455078125,239.6751251220703,1013.0897216796875,240.7872314453125,,,,
976.876220703125,187.5559539794922,978.8963012695312,185.53073120117188,975.7539672851562,185.53073120117188,982.9364624023438,186.205810546875,973.9583740234375,186.205810546875,985.6298828125,198.58212280273438,971.4893798828125,198.58212280273438,994.1591186523438,213.65870666503906,980.2430419921875,214.1087646484375,1001.1171875,225.3599395751953,971.0404663085938,225.3599395751953,991.0167846679688,224.00979614257812,980.0185546875,228.73529052734375,1012.5642700195312,247.63729858398438,969.0203857421875,247.86231994628906,1038.8251953125,264.7391052246094,987.2010498046875,263.1639404296875
969.7708740234375,200.03378295898438,969.7708740234375,198.2157440185547,965.0068969726562,199.35202026367188,970.6782836914062,197.0794677734375,961.1503295898438,200.03378295898438,978.6182861328125,199.80653381347656,965.0068969726562,208.89675903320312,989.0537109375,216.62344360351562,966.5949096679688,226.16818237304688,994.498291015625,227.98623657226562,982.9285888671875,221.16856384277344,986.1046142578125,226.3954315185547,973.62744140625,231.622314453125,1002.6651611328125,249.12100219726562,966.1411743164062,250.030029296875,,,989.961181640625,260.93829345703125
951.5960083007812,186.26446533203125,953.1945190429688,184.89361572265625,950.225830078125,184.89361572265625,957.9900512695312,184.89361572265625,949.3124389648438,185.80751037597656,962.7855834960938,193.57565307617188,,,973.7467651367188,205.4563446044922,,,957.5333251953125,206.3702392578125,,,976.7153930664062,220.99264526367188,970.093017578125,222.8204345703125,969.407958984375,253.20758056640625,969.1795654296875,253.20758056640625,,,997.2676391601562,266.91607666015625
948.676513671875,188.11280822753906,950.5005493164062,184.22662353515625,947.0804443359375,184.22662353515625,954.8326416015625,184.22662353515625,,,,,,,,,,,,,,,,,,,970.5651245117188,252.1203155517578,,,997.469970703125,264.6932373046875,,
965.6016845703125,211.04898071289062,968.8425903320312,207.56576538085938,962.82373046875,208.26242065429688,976.4818725585938,216.6221466064453,956.1104125976562,219.176513671875,,,,,,,,,,,,,,,,,,,,,967.9166259765625,247.50674438476562,949.3970947265625,247.73895263671875
932.2581176757812,186.32882690429688,933.6810302734375,186.32882690429688,929.4122924804688,186.32882690429688,938.6611938476562,186.32882690429688,,,,,,,964.5108032226562,199.36520385742188,964.5108032226562,199.36520385742188,974.7083129882812,209.7943115234375,974.7083129882812,209.55728149414062,,,,,964.7479248046875,218.09019470214844,,,967.59375,246.533203125,941.03271484375,245.34808349609375
920.9413452148438,184.96070861816406,923.110595703125,180.85935974121094,916.6028442382812,181.3418731689453,928.4132690429688,181.5831298828125,911.3001708984375,183.27191162109375,938.5364990234375,204.26119995117188,913.2284545898438,208.84507751464844,947.45458984375,216.80653381347656,919.9772338867188,243.8272247314453,939.982666015625,227.1805419921875,933.9569091796875,255.4075164794922,,,,,956.6136474609375,244.0684814453125,921.182373046875,243.58596801757812,,,934.43896484375,255.64877319335938
914.675048828125,186.61322021484375,916.1456298828125,184.15341186523438,912.9593505859375,184.15341186523438,917.6162109375,184.6453857421875,909.0377807617188,184.39939880371094,924.23388671875,202.84796142578125,,,928.1554565429688,215.8849334716797,,,928.1554565429688,230.39779663085938,,,,,,,,,,,,,889.429931640625,222.5264129638672
914.8355102539062,205.0264434814453,915.5709838867188,203.30491638183594,913.1194458007812,203.30491638183594,906.9905395507812,203.55084228515625,911.8936767578125,203.55084228515625,910.6678466796875,210.43698120117188,922.190185546875,211.17478942871094,924.8869018554688,224.7011260986328,924.1514282226562,224.9470672607422,923.90625,237.73561096191406,924.1514282226562,236.99781799316406,916.3064575195312,235.76812744140625,920.47412109375,235.522216796875,911.158203125,249.04855346679688,920.9644165039062,252.73756408691406,932.4866943359375,270.1988525390625,,
899.6898193359375,208.21923828125,901.8677368164062,205.30776977539062,897.7538452148438,205.55038452148438,905.7396240234375,203.60940551757812,882.2662353515625,184.19961547851562,911.7894897460938,210.40284729003906,,,918.8073120117188,218.65200805664062,,,916.62939453125,231.26840209960938,,,911.3055419921875,235.63558959960938,,,909.3695678710938,250.67820739746094,906.4656372070312,251.40606689453125,933.5689697265625,271.786376953125,,
897.333251953125,230.18032836914062,898.7603759765625,228.03323364257812,896.14404296875,227.31753540039062,901.3767700195312,230.41888427734375,892.33837890625,228.03323364257812,,,,,,,,,897.333251953125,215.62782287597656,,,,,,,908.5123291015625,253.0826416015625,,,926.351318359375,264.29522705078125,,
892.879638671875,226.56915283203125,894.5692138671875,223.6772003173828,890.2245483398438,224.15919494628906,,,885.15576171875,223.19522094726562,,,,,,,,,,,,,,,,,,,,,922.32666015625,262.2364807128906,,
850.0156860351562,193.91616821289062,852.2084350585938,190.99185180664062,849.0410766601562,191.72293090820312,860.2485961914062,190.7481689453125,849.2847290039062,192.69769287109375,,,,,877.7907104492188,215.36111450195312,840.75732421875,210.4872589111328,865.852294921875,195.86570739746094,830.7680053710938,214.1426544189453,,,,,,,892.16552734375,248.99069213867188,,,878.5216674804688,259.22576904296875
841.894775390625,191.12429809570312,845.0724487304688,187.9453125,840.672607421875,189.16799926757812,852.1610717773438,186.23355102539062,839.450439453125,189.41253662109375,857.0498046875,197.48228454589844,843.6058349609375,199.68313598632812,866.3383178710938,215.33352661132812,837.2505493164062,208.241943359375,868.2937622070312,225.1150360107422,827.7175903320312,215.57806396484375,,,,,873.67138671875,251.03602600097656,846.2946166992188,242.96627807617188,,,868.04931640625,263.99652099609375
,,,,,,825.2002563476562,195.79025268554688,,,828.0244750976562,199.356689453125,,,,,,,824.7295532226562,206.48956298828125,,,827.0830688476562,207.44061279296875,,,,,,,,,,
,,,,,,826.228759765625,197.91769409179688,,,825.9950561523438,200.74807739257812,,,,,,,820.8547973632812,216.07940673828125,,,,,,,,,,,,,,
,,795.063720703125,180.63043212890625,790.3192138671875,182.52957153320312,787.709716796875,183.47915649414062,788.8958740234375,183.47915649414062,,,,,,,,,,,781.7791137695312,195.34881591796875,,,,,834.4432373046875,248.52500915527344,823.76806640625,211.72898864746094,814.7534790039062,218.6134033203125,,
786.048095703125,187.3146514892578,787.9798583984375,184.18118286132812,782.908935546875,184.66323852539062,792.5678100585938,184.42221069335938,,,,,,,,,,,,,,,,,,,829.0298461914062,244.92227172851562,788.9457397460938,230.9421844482422,808.746337890625,218.64935302734375,,
764.43505859375,190.05880737304688,766.9625244140625,187.03517150878906,762.9185791015625,188.04306030273438,771.5119018554688,186.783203125,760.3911743164062,188.29502868652344,,,,,,,,,733.85302734375,214.49990844726562,734.864013671875,214.49990844726562,,,,,,,767.2152709960938,232.38980102539062,,,,
769.204345703125,207.53509521484375,769.9579467773438,206.03237915039062,766.6923828125,207.03419494628906,773.4747314453125,206.03237915039062,766.6923828125,207.28463745117188,775.7355346679688,216.80181884765625,,,771.4651489257812,227.32078552246094,,,759.4075927734375,238.0902099609375,,,,,,,799.0970458984375,249.11009216308594,754.6348266601562,235.0847930908203,828.98974609375,246.85601806640625,748.8572387695312,252.365966796875
738.8056640625,195.4775390625,740.2717895507812,193.02862548828125,736.8507690429688,193.27352905273438,745.6477661132812,192.2939453125,736.11767578125,194.49798583984375,766.1741943359375,210.17108154296875,738.8056640625,204.2936553955078,774.7268676757812,223.64013671875,733.4296875,214.82400512695312,761.2869262695312,231.7215576171875,723.8995361328125,227.06861877441406,766.1741943359375,227.80331420898438,759.82080078125,225.59927368164062,741.0048828125,231.4766845703125,741.0048828125,230.74200439453125,,,737.5838012695312,263.3126525878906
726.178955078125,199.48422241210938,729.5648193359375,194.63058471679688,725.9371337890625,196.57203674316406,734.159912109375,193.6598663330078,724.4860229492188,197.05740356445312,,,,,763.6652221679688,215.25848388671875,,,749.396240234375,230.54739379882812,,,,,,,,,,,737.303955078125,265.97882080078125,,
218.08985900878906,393.3219909667969,217.33712768554688,391.2461242675781,216.20803833007812,391.2461242675781,210.93887329101562,393.1332702636719,211.87979125976562,393.1332702636719,198.33058166503906,405.9659423828125,205.29336547851562,410.87255859375,202.4706268310547,430.3102722167969,209.05703735351562,437.292724609375,,,226.1817626953125,446.1623840332031,208.86886596679688,449.18182373046875,206.04611206054688,451.6351318359375,203.41152954101562,480.3199157714844,210.1861572265625,480.3199157714844,,,,
218.48394775390625,392.98974609375,217.73052978515625,390.72637939453125,216.78875732421875,390.53778076171875,212.07986450195312,392.6125183105469,212.07986450195312,392.6125183105469,208.87782287597656,407.7015686035156,204.545654296875,410.3421325683594,202.47372436523438,430.52374267578125,209.44288635253906,437.879638671875,,,225.82981872558594,445.8013610839844,209.06617736816406,449.385009765625,206.2408447265625,452.7800598144531,203.60386657714844,480.12890625,210.19630432128906,480.12890625,,,,
218.75888061523438,393.4398193359375,217.81646728515625,391.17364501953125,216.87403869628906,391.17364501953125,212.53887939453125,393.0621337890625,212.53887939453125,392.873291015625,198.4025115966797,406.09259033203125,205.56494140625,410.81378173828125,202.7376708984375,430.453857421875,209.3346405029297,437.44122314453125,,,228.93707275390625,446.6947326660156,209.3346405029297,448.77203369140625,206.13040161132812,452.1712951660156,203.49160766601562,481.442626953125,209.3346405029297,481.442626953125,,,,
690.0865478515625,186.53878784179688,692.2412109375,184.37734985351562,689.6556396484375,184.37734985351562,696.9814453125,183.51278686523438,697.1968994140625,181.78363037109375,714.4341430664062,209.45001220703125,,,,,,,715.9423828125,227.82223510742188,,,,,,,,,,,,,,
680.183349609375,182.82850646972656,681.9176025390625,180.43630981445312,679.0994262695312,181.08872985839844,686.9036865234375,180.2188262939453,678.6658325195312,181.52366638183594,692.7568359375,191.74493408203125,684.51904296875,191.74493408203125,696.225341796875,205.88070678710938,682.5679931640625,204.57586669921875,696.225341796875,218.2766876220703,,,692.9736328125,219.58154296875,686.0364990234375,218.71163940429688,701.6449584960938,225.23583984375,,,,,,
677.1741333007812,182.29383850097656,679.1283569335938,179.25091552734375,675.871337890625,179.68560791015625,684.5567016601562,179.46826171875,675.219970703125,181.2070770263672,691.72216796875,194.68292236328125,681.0825805664062,194.2482147216797,692.8078002929688,216.2008056640625,676.7398681640625,210.33229064941406,688.4651489257812,220.5478515625,670.8772583007812,226.41635131835938,696.281982421875,225.98165893554688,687.162353515625,223.80813598632812,680.6483154296875,239.8922119140625,674.5685424804688,233.8063507080078,700.1903686523438,256.62835693359375,,
672.1355590820312,181.4822540283203,674.3175048828125,178.63624572753906,669.95361328125,179.2930145263672,677.8086547851562,179.94979858398438,667.7716674804688,181.04440307617188,679.1178588867188,192.20950317382812,670.6082153320312,193.52304077148438,677.3722534179688,217.16677856445312,667.3352661132812,209.06661987304688,661.6621704101562,226.5804901123047,657.9528198242188,222.63987731933594,683.699951171875,226.5804901123047,676.7177124023438,224.8291015625,672.1355590820312,239.934814453125,671.6991577148438,240.1537628173828,635.9150390625,251.9756317138672,684.1363525390625,255.04055786132812
669.9300537109375,181.53199768066406,671.8970336914062,179.56585693359375,667.7445068359375,179.78431701660156,675.3939208984375,181.09507751464844,665.34033203125,181.53199768066406,680.6392822265625,194.8581085205078,665.121826171875,195.07656860351562,694.6268920898438,205.12576293945312,660.3135375976562,210.15036010742188,687.41455078125,219.10723876953125,649.6043090820312,223.03953552246094,674.73828125,218.67031860351562,664.4661254882812,215.61187744140625,668.8372802734375,238.76870727539062,668.400146484375,238.98716735839844,681.5135498046875,256.2455749511719,,
663.4161987304688,182.39366149902344,665.5848999023438,180.22019958496094,661.4644165039062,180.22019958496094,669.0547485351562,181.95896911621094,659.2957763671875,181.95896911621094,674.0426025390625,195.86911010742188,655.3921508789062,194.78237915039062,683.584716796875,211.08331298828125,650.1873779296875,208.04046630859375,680.5486450195312,228.03628540039062,653.2235107421875,203.910888671875,670.7896728515625,221.73324584960938,659.5126342773438,219.12509155273438,659.5126342773438,237.38214111328125,643.8983154296875,229.12301635742188,671.0065307617188,256.7259521484375,631.320068359375,242.59844970703125
660.36669921875,183.6948699951172,662.316650390625,181.73866271972656,658.6334228515625,181.73866271972656,665.5665283203125,183.0428009033203,655.8168334960938,182.825439453125,669.6829833984375,196.08424377441406,652.1336669921875,194.562744140625,673.1495361328125,211.0819091796875,643.2506713867188,206.300048828125,666.6497802734375,210.64718627929688,646.7171630859375,202.82232666015625,668.5997314453125,221.732421875,656.6834716796875,220.21090698242188,656.6834716796875,236.94744873046875,643.900634765625,230.64407348632812,667.7330932617188,256.7269592285156,,
657.923828125,184.55795288085938,659.9141235351562,182.34613037109375,656.3757934570312,182.12493896484375,663.0101928710938,183.6732177734375,653.5009155273438,183.23085021972656,666.9908447265625,195.8382568359375,649.0780029296875,194.28997802734375,672.7406005859375,206.45498657226562,637.7994995117188,205.5702667236328,664.1159057617188,211.98455810546875,642.8858642578125,199.37716674804688,664.3370361328125,221.93775939941406,651.5105590820312,219.5047607421875,655.7123413085938,237.1993408203125,640.010986328125,232.55450439453125,666.5485229492188,256.22100830078125,624.0884399414062,243.83480834960938
656.7942504882812,184.7560272216797,658.8258056640625,182.9478759765625,655.2141723632812,182.9478759765625,661.5345458984375,184.53001403808594,651.6025390625,184.07797241210938,664.9204711914062,195.83096313476562,647.0879516601562,193.57077026367188,671.6923217773438,210.29617309570312,632.18994140625,203.7416229248047,663.5661010742188,214.81655883789062,641.6705322265625,198.31716918945312,662.2117309570312,221.14508056640625,649.1195068359375,219.3369140625,656.5685424804688,237.19241333007812,638.058837890625,232.22000122070312,666.2748413085938,256.177978515625,623.3865966796875,243.52093505859375
656.7286376953125,185.33609008789062,658.781982421875,183.27719116210938,654.9035034179688,183.04843139648438,660.6071166992188,184.87855529785156,650.5687255859375,184.1922607421875,663.8011474609375,195.6305389404297,645.549560546875,193.3428955078125,670.189208984375,210.04278564453125,631.6327514648438,200.20587158203125,676.805419921875,222.62490844726562,619.3129272460938,208.89895629882812,661.2915649414062,220.79476928710938,647.1466064453125,219.65093994140625,658.781982421875,236.12208557128906,637.1082153320312,232.00430297851562,666.3107299804688,256.25347900390625,623.1913452148438,243.90011596679688
657.7659301757812,183.9748992919922,659.5946655273438,182.14898681640625,655.9371948242188,182.14898681640625,661.6520385742188,183.51841735839844,651.822509765625,182.8336944580078,665.3095092773438,194.930419921875,644.736083984375,192.64801025390625,673.0816650390625,208.8530731201172,629.8775634765625,199.49522399902344,680.625244140625,220.7215576171875,616.1619873046875,208.39659118652344,662.56640625,218.8956298828125,647.7078247070312,217.982666015625,661.4234008789062,234.8724365234375,636.5067749023438,231.9053192138672,667.3668212890625,254.7293243408203,622.1054077148438,245.59971618652344
660.6224975585938,181.76644897460938,662.4615478515625,179.69998168945312,658.5535888671875,179.47036743164062,664.5304565429688,181.30723571777344,654.185791015625,180.3887939453125,667.7488403320312,192.0988311767578,647.0595092773438,190.4915771484375,672.5762939453125,203.57925415039062,631.1976318359375,196.92062377929688,668.8982543945312,211.84515380859375,619.0139770507812,205.4161376953125,663.8408203125,218.27420043945312,649.3582763671875,217.12615966796875,667.5189208984375,233.65798950195312,636.9447021484375,231.82110595703125,667.5189208984375,252.4858856201172,621.312744140625,245.59762573242188
664.8543090820312,177.1978759765625,667.2274169921875,175.53616333007812,663.193115234375,175.06137084960938,669.36328125,177.1978759765625,659.6333618164062,175.77354431152344,671.9736938476562,189.30471801757812,652.5139770507812,186.69345092773438,678.8558349609375,202.12374877929688,635.9019775390625,193.81512451171875,690.0095825195312,209.95758056640625,624.9855346679688,202.3611297607422,664.379638671875,216.12969970703125,650.1408081054688,215.41754150390625,672.4483642578125,232.50955200195312,637.3258666992188,232.03477478027344,666.2781982421875,250.7885284423828,615.9676513671875,250.31373596191406
674.6405639648438,172.37158203125,676.5885620117188,170.6665496826172,672.692626953125,169.93582153320312,678.5364990234375,172.61514282226562,667.82275390625,171.15370178222656,680.240966796875,186.01181030273438,658.8134155273438,183.8196258544922,689.4937744140625,199.40846252441406,641.038330078125,193.07550048828125,704.1034545898438,210.61293029785156,629.8375244140625,204.03639221191406,668.0662231445312,215.72801208496094,652.4825439453125,213.7794189453125,680.4844970703125,235.70120239257812,639.09033203125,229.12466430664062,665.144287109375,247.14926147460938,622.53271484375,242.27774047851562
677.9874267578125,171.31246948242188,679.2355346679688,169.317626953125,675.2415161132812,169.317626953125,681.482177734375,171.0631103515625,671.2474365234375,170.31503295898438,682.7303466796875,185.02706909179688,661.2623901367188,182.78285217285156,694.2131958007812,199.98843383789062,647.283203125,190.01419067382812,707.9426879882812,209.9626922607422,634.3026123046875,203.23007202148438,670.4985961914062,213.45367431640625,655.0216674804688,211.70819091796875,682.480712890625,235.39703369140625,643.2891845703125,227.16827392578125,666.5045166015625,247.1167755126953,619.82421875,244.87257385253906
688.0903930664062,169.68536376953125,690.612060546875,168.1709747314453,686.3251953125,167.161376953125,691.8728637695312,170.19015502929688,681.7862548828125,168.1709747314453,693.1337280273438,184.07205200195312,671.1952514648438,179.78128051757812,701.9595336914062,199.21592712402344,654.804443359375,192.14878845214844,713.5592041015625,207.040283203125,645.2221069335938,203.0019073486328,676.49072265625,212.08822631835938,662.369384765625,208.04986572265625,682.542724609375,238.59002685546875,651.0219116210938,227.23211669921875,665.8997802734375,247.42396545410156,628.831298828125,241.114013671875
692.1622314453125,169.9151153564453,694.6865234375,168.1492462158203,690.142822265625,167.3924560546875,695.6962890625,170.9241943359375,685.3466796875,168.65377807617188,695.19140625,184.04208374023438,674.2398071289062,180.51034545898438,702.2593994140625,199.1781005859375,657.5794677734375,191.86236572265625,717.1527099609375,208.2597198486328,646.9774780273438,204.7279815673828,679.288330078125,215.3231964111328,665.40478515625,210.7823944091797,681.8126220703125,239.54083251953125,651.7736206054688,232.47735595703125,662.1231689453125,249.63153076171875,632.0841674804688,241.30670166015625
702.0684204101562,170.48251342773438,703.7958374023438,168.7530517578125,700.5877685546875,168.5059814453125,706.016845703125,170.7295684814453,696.145751953125,168.7530517578125,704.782958984375,184.5652313232422,688.4957275390625,178.88272094726562,708.7313842773438,195.9302520751953,670.974609375,186.541748046875,710.2120361328125,199.14208984375,662.33740234375,198.89503479003906,684.5473022460938,213.22483825683594,672.7020263671875,208.0364532470703,682.0795288085938,238.17845153808594,669.0003662109375,232.99008178710938,,,660.6099853515625,251.0258331298828
706.8130493164062,170.0049591064453,708.7069702148438,168.1072998046875,705.1558837890625,167.15847778320312,710.3641967773438,170.0049591064453,701.13134765625,168.1072998046875,709.6539306640625,182.57693481445312,692.845458984375,177.5955810546875,712.7315673828125,191.59078979492188,677.930908203125,198.23257446289062,715.335693359375,198.7069854736328,677.6941528320312,216.49749755859375,690.7147827148438,209.61849975585938,678.8778076171875,206.297607421875,684.0861206054688,237.84609985351562,678.64111328125,234.5252227783203,,,661.5958862304688,249.70645141601562
711.2462768554688,166.9016876220703,713.3243408203125,165.28395080566406,709.8609008789062,165.0528564453125,714.4788208007812,167.13279724121094,705.7047729492188,165.97726440429688,715.40234375,179.61248779296875,697.1616821289062,176.14590454101562,718.4039916992188,188.1633758544922,680.7681274414062,186.08343505859375,719.7893676757812,194.6343231201172,687.0023193359375,216.58932495117188,695.0836181640625,209.88726806640625,686.3096313476562,204.80294799804688,689.5421142578125,232.0733642578125,688.3876342773438,230.68673706054688,,,,
714.8217163085938,164.58148193359375,716.4124755859375,162.76339721679688,713.003662109375,162.5361328125,718.68505859375,164.35421752929688,709.1402587890625,163.44517517089844,720.7304077148438,177.76266479492188,701.4135131835938,175.26278686523438,729.5934448242188,194.80726623535156,687.778076171875,185.4895477294922,716.6397705078125,192.7619171142578,683.23291015625,207.30665588378906,703.913330078125,210.48831176757812,693.2322387695312,206.17034912109375,699.595458984375,227.53292846679688,693.0050048828125,227.53292846679688,694.1412353515625,242.0776824951172,674.142578125,242.75946044921875
718.9854736328125,163.81417846679688,720.7750854492188,161.5798797607422,717.19580078125,161.3564453125,723.0121459960938,162.9204559326172,713.1691284179688,162.47360229492188,726.14404296875,176.7730712890625,706.2343139648438,174.76220703125,733.9736938476562,193.30682373046875,693.9305419921875,185.71023559570312,721.8936157226562,193.30682373046875,690.7987060546875,207.60629272460938,711.826904296875,211.62802124023438,701.5364990234375,209.840576171875,709.8135986328125,229.94920349121094,695.9439086914062,231.51321411132812,706.9053955078125,244.69554138183594,,
723.2486572265625,162.53099060058594,725.233154296875,160.32098388671875,721.2640991210938,160.32098388671875,727.438232421875,162.0889892578125,717.5155639648438,161.64698791503906,730.9662475585938,175.79095458984375,710.9004516601562,175.5699462890625,740.4478759765625,193.24990844726562,700.5368041992188,189.0509033203125,739.786376953125,193.02890014648438,700.5368041992188,208.94085693359375,720.16162109375,212.4768524169922,710.0184326171875,209.161865234375,718.1770629882812,231.7038116455078,706.2698974609375,233.4718017578125,717.2950439453125,244.74278259277344,,
728.4297485351562,162.56959533691406,730.14599609375,160.63381958007812,726.284423828125,160.63381958007812,732.5057983398438,161.27908325195312,723.0665283203125,162.13941955566406,737.0109252929688,175.90493774414062,718.3468627929688,175.68984985351562,748.16650390625,193.75711059570312,707.4058227539062,189.67047119140625,735.294677734375,199.99461364746094,708.0494384765625,208.5980682373047,729.0733642578125,204.5114288330078,717.48876953125,202.36056518554688,723.281005859375,233.11790466308594,,,721.9938354492188,252.04550170898438,,
733.8260498046875,162.1736602783203,735.6822509765625,160.3176727294922,731.9699096679688,160.3176727294922,737.9508666992188,160.93634033203125,728.6700439453125,161.55499267578125,742.2819213867188,174.13455200195312,724.5452880859375,175.78433227539062,755.06884765625,190.63233947753906,715.470703125,189.18878173828125,744.7568359375,200.94345092773438,716.7081298828125,206.51144409179688,738.1571044921875,208.16122436523438,725.5764770507812,208.57366943359375,736.3009643554688,236.8261260986328,727.2263793945312,235.79501342773438,,,722.0703735351562,257.86077880859375
743.8388061523438,160.3148193359375,745.6476440429688,158.50534057617188,741.8289794921875,158.50534057617188,748.0594482421875,159.9127197265625,738.6132202148438,160.11376953125,752.883056640625,173.38331604003906,733.5886840820312,175.39385986328125,765.1430053710938,185.84866333007812,726.1522827148438,190.07077026367188,758.7115478515625,199.7213592529297,731.9808349609375,206.35614013671875,749.6672973632812,203.1392822265625,736.6033935546875,204.74771118164062,755.0938720703125,219.02252197265625,738.814208984375,233.90049743652344,757.1036987304688,233.49839782714844,731.1768798828125,245.76266479492188
747.8236694335938,161.46688842773438,749.600830078125,159.2957000732422,745.651611328125,159.2957000732422,751.9703369140625,160.47998046875,742.2947387695312,160.6773681640625,756.7094116210938,173.70445251464844,736.765869140625,176.2703857421875,767.5697631835938,186.92892456054688,729.6572265625,194.23199462890625,761.6459350585938,201.14028930664062,736.9633178710938,208.6407470703125,754.7348022460938,206.27218627929688,740.9125366210938,207.25909423828125,762.23828125,218.70713806152344,743.0845947265625,235.28707885742188,762.435791015625,233.70803833007812,732.816650390625,249.3010711669922
759.020263671875,162.5238037109375,760.9788818359375,160.168701171875,757.2575073242188,160.168701171875,763.1333618164062,161.73878479003906,753.7319946289062,161.54251098632812,767.8340454101562,174.49557495117188,748.052001953125,176.65440368652344,775.2767944335938,189.8037109375,741.7843627929688,193.14010620117188,772.5347290039062,202.16799926757812,751.381591796875,209.03701782226562,765.4837036132812,205.89688110351562,752.1651000976562,207.85948181152344,775.47265625,220.02749633789062,753.7319946289062,233.7655792236328,779.5857543945312,235.13938903808594,745.114013671875,249.66250610351562
763.127197265625,163.24624633789062,764.902587890625,161.0758819580078,761.3516845703125,161.0758819580078,767.4671630859375,162.8516387939453,757.6035766601562,162.65432739257812,771.60986328125,176.07113647460938,751.6854248046875,178.04420471191406,777.9225463867188,191.85562133789062,746.1618041992188,197.18289184570312,775.3579711914062,206.2589569091797,756.025390625,208.82394409179688,769.4398193359375,207.04818725585938,755.630859375,209.81045532226562,778.7116088867188,219.67575073242188,756.419921875,233.6844940185547,785.0242919921875,238.81443786621094,749.9099731445312,248.28514099121094
775.1218872070312,166.25729370117188,776.728759765625,164.24769592285156,773.1133422851562,164.24769592285156,778.9381103515625,165.6544189453125,769.6988525390625,165.6544189453125,783.1560668945312,179.72164916992188,763.2715454101562,179.922607421875,787.3739624023438,196.20040893554688,758.04931640625,198.81289672851562,787.3739624023438,210.46859741210938,768.092041015625,210.26763916015625,779.9423828125,209.26283264160156,765.6817626953125,210.06668090820312,790.1859741210938,225.33966064453125,765.2800903320312,236.1915283203125,798.4209594726562,241.81842041015625,763.8740844726562,265.53173828125
781.7042236328125,168.88563537597656,783.5455932617188,166.83522033691406,780.0674438476562,166.83522033691406,786.0007934570312,167.8604278564453,776.5892944335938,168.47555541992188,790.0927124023438,181.59820556640625,770.656005859375,182.82846069335938,794.7984619140625,196.77130126953125,765.7456665039062,201.4872589111328,792.9570922851562,210.30404663085938,776.3847045898438,212.14942932128906,787.2283325195312,210.71414184570312,772.7019653320312,211.1242218017578,800.9363403320312,231.83343505859375,770.042236328125,237.57460021972656,,,763.904296875,262.1795959472656
788.6222534179688,170.45828247070312,790.3016967773438,168.35951232910156,786.5228881835938,168.56939697265625,792.8209228515625,170.0385284423828,783.7937622070312,170.2484130859375,798.0693359375,184.3101806640625,777.9155883789062,184.5200653076172,801.84814453125,201.31024169921875,773.9268188476562,203.40902709960938,802.0580444335938,216.42141723632812,778.9652709960938,216.0016632080078,795.5501098632812,214.32264709472656,781.6943969726562,214.9522705078125,808.3560791015625,231.74246215820312,774.1367797851562,237.8289031982422,824.7310180664062,256.7178649902344,768.678466796875,252.3104248046875
794.5360717773438,170.87265014648438,796.4428100585938,168.7473602294922,792.8411865234375,168.9598846435547,799.197021484375,170.23507690429688,789.8750610351562,170.4475860595703,804.4935913085938,183.19937133789062,784.3666381835938,184.6870880126953,810.6376342773438,199.35165405273438,780.7650146484375,202.96466064453125,807.6715087890625,213.80368041992188,789.4513549804688,214.8663330078125,803.0105590820312,211.04078674316406,788.3920288085938,210.8282470703125,814.2392578125,235.9067840576172,782.0361328125,233.9940185546875,827.7984619140625,260.1351623535156,773.9854125976562,252.05905151367188
799.9462280273438,169.60972595214844,801.6419677734375,167.6988067626953,798.2505493164062,167.6988067626953,803.9735717773438,168.33578491210938,794.8590698242188,169.39739990234375,809.4846801757812,181.7122344970703,789.5599365234375,183.19851684570312,813.300048828125,196.99960327148438,786.5924072265625,201.45843505859375,810.9684448242188,209.951416015625,794.01123046875,211.65000915527344,806.9411010742188,208.88980102539062,793.5872802734375,209.10211181640625,816.4795532226562,227.14971923828125,785.95654296875,235.00572204589844,828.349609375,258.3614196777344,778.7496948242188,252.84100341796875
804.025146484375,167.03192138671875,805.6967163085938,165.1526336669922,802.1445922851562,165.1526336669922,808.4130859375,165.779052734375,799.2193603515625,165.779052734375,813.845703125,178.51644897460938,793.7867431640625,179.97811889648438,818.8604736328125,192.92431640625,791.2793579101562,199.18861389160156,814.8904418945312,206.079345703125,799.6372680664062,210.46434020996094,812.1741333007812,207.54100036621094,797.5477905273438,207.3321990966797,821.3677978515625,231.34530639648438,790.8614501953125,226.75149536132812,828.2630615234375,254.10557556152344,786.0556640625,261.2051086425781
808.279052734375,163.34234619140625,809.8956909179688,161.11459350585938,806.4603271484375,161.11459350585938,811.91650390625,162.9373016357422,803.2269897460938,163.1398162841797,816.7665405273438,176.10130310058594,797.5686645507812,176.91139221191406,821.2123413085938,191.0880126953125,794.739501953125,195.74606323242188,819.1915283203125,204.85958862304688,803.2269897460938,207.2898712158203,814.94775390625,206.4797821044922,800.5999145507812,207.08734130859375,824.4456787109375,232.20022583007812,796.154052734375,225.314453125,829.9019165039062,251.6424560546875,797.1644897460938,258.73077392578125
812.307861328125,161.75650024414062,813.8870849609375,160.17791748046875,810.3338012695312,160.375244140625,815.8611450195312,160.9672088623047,806.9779663085938,161.16452026367188,820.2039794921875,174.58251953125,800.2662353515625,175.37181091308594,825.7313232421875,189.9737548828125,798.4895629882812,194.31488037109375,822.3754272460938,202.79977416992188,807.3727416992188,205.364990234375,818.624755859375,202.40512084960938,804.4116821289062,202.79977416992188,827.1131591796875,225.6892852783203,801.0558471679688,225.88661193847656,831.850830078125,248.5788116455078,805.5961303710938,254.10386657714844
818.458251953125,161.10540771484375,820.1976318359375,158.9755859375,816.3323974609375,158.9755859375,822.516845703125,160.9117889404297,812.8536376953125,160.3309326171875,825.415771484375,173.69076538085938,807.2489624023438,173.69076538085938,830.8271484375,188.01870727539062,803.1904296875,194.0209503173828,827.92822265625,200.99130249023438,812.8536376953125,204.86370849609375,823.86962890625,201.95941162109375,809.181640625,204.47647094726562,831.9867553710938,221.32147216796875,807.4422607421875,226.16200256347656,838.1712036132812,244.7495880126953,810.7277221679688,246.68580627441406
819.731689453125,161.35060119628906,821.464111328125,159.03956604003906,817.6142578125,159.23216247558594,823.7740478515625,160.58026123046875,814.3418579101562,160.00250244140625,825.8914794921875,174.4464569091797,808.3745727539062,174.25387573242188,827.2388916015625,190.04592895507812,806.064697265625,194.66799926757812,823.58154296875,198.90487670898438,815.3043212890625,206.41574096679688,823.58154296875,201.98626708984375,810.8770141601562,203.52694702148438,832.2437133789062,217.00796508789062,808.5670776367188,224.90399169921875,,,809.7220458984375,239.15536499023438
824.9747314453125,163.9915313720703,826.9176635742188,161.6538543701172,823.0318603515625,161.6538543701172,829.4434814453125,162.43307495117188,819.9231567382812,162.04345703125,832.9407348632812,176.65396118164062,814.8715209960938,174.51109313964844,833.9122314453125,193.79696655273438,811.374267578125,197.498291015625,835.8551635742188,204.9009552001953,819.7288818359375,208.01785278320312,828.860595703125,206.06979370117188,816.0372924804688,208.21266174316406,841.2953491210938,220.09588623046875,813.3171997070312,227.10891723632812,851.5928344726562,243.47268676757812,810.7913818359375,239.7713623046875
826.9771728515625,165.38201904296875,829.1563720703125,162.60113525390625,825.1942138671875,162.40249633789062,831.53369140625,163.79293823242188,821.826416015625,163.39566040039062,835.099609375,177.89593505859375,815.68505859375,177.1013946533203,835.8920288085938,194.97842407226562,812.7134399414062,198.35519409179688,837.8731079101562,205.50599670410156,820.8358764648438,209.47866821289062,832.1279907226562,205.50599670410156,818.0623779296875,207.49234008789062,844.0144653320312,221.59530639648438,813.902099609375,228.54750061035156,853.7216796875,240.6641387939453,810.336181640625,242.2532196044922
831.762939453125,170.11134338378906,833.8094482421875,167.24554443359375,829.5117797851562,167.24554443359375,836.2651977539062,168.88314819335938,825.828125,168.88314819335938,840.153564453125,182.18856811523438,820.3025512695312,181.98387145996094,841.7907104492188,198.15509033203125,818.8699951171875,201.43026733398438,838.3117065429688,211.25579833984375,827.0560302734375,213.30279541015625,838.516357421875,206.13833618164062,824.6002197265625,207.77593994140625,851.4092407226562,222.10484313964844,819.0746459960938,222.30953979492188,,,814.3677368164062,237.2525634765625
837.2169799804688,171.43759155273438,839.3255615234375,169.535888671875,834.8974609375,169.32460021972656,841.4342041015625,170.80369567871094,831.3128662109375,169.95849609375,845.018798828125,184.96072387695312,825.61962890625,183.4816436767578,847.3382568359375,199.32907104492188,822.87841796875,203.13246154785156,848.8143310546875,211.16183471679688,831.9454345703125,214.9652099609375,843.753662109375,209.6827392578125,828.993408203125,210.10531616210938,856.6161499023438,223.8397674560547,820.3480834960938,225.741455078125,869.4786987304688,241.16629028320312,812.757080078125,244.54708862304688
831.8931884765625,185.2568817138672,834.6967163085938,180.93927001953125,829.089599609375,183.31396484375,837.5003051757812,182.450439453125,827.795654296875,185.47276306152344,846.1266479492188,194.10797119140625,831.4618530273438,196.48265075683594,,,828.8739624023438,204.47021484375,848.7145385742188,214.6165771484375,827.795654296875,212.2418975830078,850.0084838867188,213.53717041015625,834.912353515625,213.3212890625,,,824.9920654296875,226.0582275390625,815.07177734375,243.5445098876953,,
841.160888671875,183.61172485351562,842.9108276367188,180.76805114746094,838.754638671875,182.08050537109375,861.5042724609375,195.64260864257812,838.754638671875,183.39297485351562,858.8793334960938,184.0491943359375,840.067138671875,187.33035278320312,873.5353393554688,228.0166778564453,836.3484497070312,203.51739501953125,869.379150390625,242.67250061035156,833.5047607421875,211.61090087890625,857.3480834960938,208.32974243164062,844.0045776367188,208.1110076904297,868.285400390625,217.51699829101562,829.3485717773438,232.17282104492188,868.285400390625,245.95367431640625,,
860.4796142578125,186.168701171875,861.7967529296875,184.63031005859375,859.6015014648438,184.63031005859375,864.4310913085938,184.19076538085938,856.30859375,183.31167602539062,866.4068603515625,188.58615112304688,847.5274658203125,190.12454223632812,872.5535888671875,201.33282470703125,845.3322143554688,202.87120056152344,870.1387939453125,206.82705688476562,855.6499633789062,210.56314086914062,863.9920654296875,207.2666015625,850.8203735351562,207.0468292236328,879.7980346679688,227.26565551757812,836.33154296875,234.2982940673828,862.6748657226562,245.72633361816406,,
869.965576171875,184.5362548828125,865.4229736328125,184.5362548828125,869.965576171875,182.49200439453125,870.64697265625,182.9462890625,860.1989135742188,184.08197021484375,872.691162109375,187.48902893066406,856.337646484375,189.30612182617188,868.8299560546875,197.2559051513672,853.8391723632812,200.43582153320312,874.7354125976562,203.38861083984375,863.3787841796875,208.15847778320312,870.1927490234375,206.795654296875,857.700439453125,207.24993896484375,879.5051879882812,230.1907501220703,843.8453369140625,235.4149169921875,857.01904296875,246.31747436523438,816.3623046875,249.7245330810547
872.9778442382812,181.93133544921875,877.29052734375,181.70391845703125,870.4810180664062,192.39273071289062,879.1063842773438,182.15875244140625,870.2540283203125,180.56680297851562,880.6952514648438,189.43624877929688,863.8985595703125,189.66366577148438,881.8302001953125,201.03475952148438,861.4017333984375,203.08154296875,879.5603637695312,203.76380920410156,858.677978515625,216.49942016601562,873.204833984375,215.58973693847656,864.8064575195312,213.77035522460938,878.1984252929688,234.92056274414062,857.77001953125,235.3754119873047,853.0033569335938,249.0207061767578,836.2066650390625,240.15126037597656
881.2237548828125,175.66795349121094,881.4467163085938,172.98391723632812,877.4327392578125,172.98391723632812,,,873.6417236328125,176.11529541015625,884.791748046875,187.96981811523438,871.6347045898438,187.96981811523438,,,880.5547485351562,204.29776000976562,892.1507568359375,196.24563598632812,892.8197631835938,198.48233032226562,880.7777099609375,210.78421020507812,873.86474609375,214.36293029785156,881.4467163085938,234.04591369628906,878.5477294921875,232.25656127929688,,,,
,,,,,,,,,,,,,,,,,,,,,,,,,,,,,,,,,
887.4110107421875,210.6376953125,888.560546875,208.11224365234375,887.4110107421875,208.34182739257812,895.227783203125,208.34182739257812,886.2615356445312,208.11224365234375,,,,,,,,,,,,,,,,,,,883.2727661132812,232.21875,,,857.0636596679688,246.9122314453125
931.7726440429688,170.777587890625,909.4722900390625,206.63787841796875,929.2437133789062,170.777587890625,916.139404296875,206.86776733398438,923.7261352539062,170.777587890625,,,916.5992431640625,186.17913818359375,,,907.863037109375,195.14419555664062,,,877.74609375,235.83184814453125,,,,,,,897.5175170898438,229.85513305664062,,,,
911.2508544921875,209.35174560546875,913.765869140625,206.60922241210938,923.3687744140625,206.15213012695312,918.7959594726562,206.8377685546875,917.1954956054688,207.52340698242188,,,,,,,915.8236694335938,194.267822265625,924.96923828125,236.31997680664062,929.084716796875,202.49542236328125,,,,,906.449462890625,228.09237670898438,906.2208251953125,228.3209228515625,,,,
946.2046508789062,186.25570678710938,939.171875,180.57138061523438,934.634521484375,180.57138061523438,939.398681640625,181.48086547851562,937.5838012695312,182.16299438476562,937.35693359375,191.25790405273438,929.6434936523438,191.03053283691406,,,,,,,,,929.6434936523438,215.13204956054688,935.0882568359375,214.44992065429688,930.3240966796875,231.7302703857422,937.35693359375,232.1850128173828,,,,
962.290771484375,183.01773071289062,,,960.078369140625,179.92027282714844,,,956.0960693359375,166.42417907714844,,,952.5562133789062,174.3890838623047,,,,,,,,,,,939.7243041992188,194.965087890625,,,,,,,,
969.7268676757812,180.31863403320312,971.28857421875,178.97628784179688,,,,,970.8424072265625,181.88470458984375,961.918212890625,189.93878173828125,953.886474609375,191.2811279296875,,,948.3088989257812,202.24363708496094,,,947.8627319335938,216.11453247070312,951.209228515625,217.90432739257812,952.77099609375,217.90432739257812,945.6316528320312,233.34132385253906,945.6316528320312,233.34132385253906,927.337158203125,242.9614715576172,927.337158203125,242.9614715576172
987.3907470703125,170.50625610351562,,,,,987.6156005859375,167.586669921875,983.1182250976562,164.2178955078125,981.0944213867188,177.6929931640625,972.3245849609375,174.77337646484375,988.7399291992188,190.4943389892578,961.7557373046875,200.1514892578125,999.9833984375,187.3501434326172,1000.8828735351562,186.2272186279297,970.5255737304688,203.520263671875,965.8033447265625,203.520263671875,960.6314086914062,230.69505310058594,972.3245849609375,223.5083465576172,939.0440063476562,239.67845153808594,974.1234741210938,246.6405792236328
1004.8829345703125,187.4104461669922,1006.4393310546875,186.74273681640625,1005.32763671875,185.85244750976562,,,1003.9935913085938,182.73648071289062,991.764892578125,179.17538452148438,974.8670043945312,183.84933471679688,999.324462890625,186.52017211914062,970.420166015625,200.76458740234375,1009.7744140625,182.06878662109375,1009.5520629882812,179.17538452148438,983.5382690429688,206.77395629882812,975.75634765625,207.21910095214844,992.6542358398438,219.46041870117188,983.5382690429688,226.58261108398438,957.3020629882812,234.81768798828125,982.4265747070312,250.84266662597656
1011.8255615234375,166.74111938476562,1012.8927612304688,164.1781463623047,994.3237915039062,164.8188934326172,,,985.999755859375,166.10037231445312,,,,,,,,,,,1019.0823974609375,181.4782257080078,,,,,,,,,985.5728759765625,237.0093536376953,,
1009.9548950195312,163.47866821289062,1011.4097900390625,162.2261962890625,1007.87646484375,162.8524169921875,,,1013.4882202148438,162.2261962890625,1003.927490234375,169.32354736328125,1002.2647094726562,179.34335327148438,,,1024.5037841796875,187.48443603515625,,,1022.6332397460938,184.35324096679688,994.7824096679688,197.50424194335938,1001.6412353515625,197.71298217773438,1012.6568603515625,208.5677490234375,1012.6568603515625,208.5677490234375,1004.7588500976562,225.68492126464844,1004.7588500976562,225.47616577148438
1036.4168701171875,164.98513793945312,1034.757568359375,155.04164123535156,1029.9871826171875,155.24879455566406,1026.2537841796875,156.69888305664062,1033.3056640625,157.1132049560547,1014.22412109375,169.12823486328125,1030.609375,170.99264526367188,1006.342529296875,179.4860382080078,1037.453857421875,187.3579559326172,,,1026.2537841796875,186.73648071289062,1007.1721801757812,202.48033142089844,1018.1648559570312,202.06602478027344,1010.49072265625,231.27500915527344,1029.9871826171875,210.1450958251953,,,,
,,,,,,1045.7545166015625,182.46527099609375,1044.6488037109375,183.79238891601562,,,1050.177490234375,172.06939697265625,1027.6204833984375,173.17532348632812,1056.5908203125,181.80169677734375,1044.6488037109375,156.586181640625,1052.831298828125,170.2998809814453,,,,,,,,,,,,
,,,,,,,,1051.36669921875,183.21795654296875,,,1055.546630859375,172.05380249023438,1032.556884765625,172.75155639648438,,,1049.973388671875,156.23789978027344,1058.333251953125,169.96051025390625,,,,,,,,,,,,
1048.0228271484375,214.44924926757812,1049.729736328125,212.25405883789062,,,1054.118896484375,183.47238159179688,1070.9444580078125,184.69195556640625,1053.6312255859375,224.69358825683594,1080.4544677734375,225.66921997070312,1041.9266357421875,234.20616149902344,1091.67138671875,179.81369018554688,1016.5664672851562,240.7917938232422,1106.546142578125,177.61849975585938,,,,,,,,,,,,
1054.8033447265625,213.85794067382812,1056.802001953125,211.1101837158203,,,1069.04443359375,164.89784240722656,1078.5384521484375,168.14520263671875,1063.2979736328125,172.39173889160156,1078.5384521484375,175.3892822265625,1047.557861328125,235.34043884277344,1102.7733154296875,180.1354217529297,1024.072509765625,240.58616638183594,1116.264892578125,177.88726806640625,1058.5509033203125,203.3665008544922,1073.0418701171875,203.3665008544922,,,,,,,,
,,1074.329345703125,176.24441528320312,,,1074.329345703125,178.02984619140625,1095.729736328125,186.95700073242188,,,1097.0035400390625,178.02984619140625,1066.9410400390625,183.64120483398438,1116.111083984375,183.64120483398438,1053.947998046875,188.99749755859375,1105.410888671875,180.83554077148438,1075.348388671875,208.63723754882812,1090.6343994140625,205.57650756835938,,,1106.429931640625,218.07452392578125,,,,
1103.0042724609375,164.5821533203125,1105.8033447265625,163.563232421875,1100.9686279296875,163.563232421875,1096.642822265625,164.5821533203125,1106.8211669921875,166.11053466796875,1085.9554443359375,174.0072021484375,1106.312255859375,179.101806640625,1073.48681640625,183.94171142578125,1123.8701171875,186.99847412109375,1058.4736328125,190.30996704101562,1140.155517578125,193.62147521972656,1084.68310546875,206.8674774169922,1101.2230224609375,206.35800170898438,1081.3751220703125,222.4060516357422,1113.9461669921875,219.60401916503906,,,,
1111.2958984375,166.74588012695312,1113.0792236328125,163.94332885742188,1108.493408203125,163.6885528564453,1102.8885498046875,163.6885528564453,1113.333984375,165.9815673828125,1092.6978759765625,174.8988037109375,1113.5887451171875,181.52304077148438,1080.21435546875,184.32559204101562,1124.7984619140625,189.67593383789062,1065.9473876953125,189.67593383789062,1141.103515625,199.35751342773438,1093.2073974609375,205.72695922851562,1107.98388671875,205.47219848632812,1086.3287353515625,236.30035400390625,1121.2318115234375,215.663330078125,1069.51416015625,241.39593505859375,1141.103515625,231.71435546875
1118.590576171875,171.72366333007812,1118.590576171875,164.10955810546875,1117.0716552734375,167.66281127929688,1108.46435546875,161.3177032470703,1118.590576171875,163.85574340820312,1099.350830078125,170.96224975585938,1115.299560546875,176.79974365234375,1087.4525146484375,183.14483642578125,1122.134765625,189.74374389648438,1072.010009765625,189.74374389648438,1134.2862548828125,199.64208984375,1099.09765625,205.73338317871094,1114.5401611328125,204.46435546875,,,1129.7293701171875,214.61651611328125,,,1148.716064453125,232.6365966796875
1121.4422607421875,160.90548706054688,1121.6943359375,157.62631225585938,1119.425048828125,157.87855529785156,1112.616943359375,159.1397705078125,1121.4422607421875,160.65322875976562,1103.791748046875,168.72503662109375,1118.164306640625,171.24746704101562,1091.9407958984375,181.58944702148438,1121.6943359375,187.64328002929688,1077.820556640625,189.15673828125,1128.5023193359375,197.9852752685547,1102.531005859375,200.50770568847656,1114.8863525390625,198.48974609375,1099.5052490234375,234.05609130859375,1133.7974853515625,213.87660217285156,,,1149.4306640625,229.26345825195312
1125.7354736328125,157.688720703125,1125.2335205078125,154.423095703125,1124.2296142578125,155.17669677734375,1114.44140625,154.9254913330078,1123.2257080078125,156.43270874023438,1106.158935546875,164.97361755371094,1120.46484375,168.74166870117188,1096.6217041015625,177.2825927734375,1122.4727783203125,185.06988525390625,1084.82568359375,186.82830810546875,1128.2452392578125,202.65411376953125,1105.155029296875,195.87161254882812,1115.6962890625,197.37884521484375,1102.394287109375,230.7888641357422,,,1083.8216552734375,237.5713653564453,1083.0687255859375,237.5713653564453
1126.7667236328125,152.91525268554688,1126.5194091796875,150.6873779296875,1125.283203125,150.6873779296875,1115.8883056640625,150.9349365234375,1122.0692138671875,151.18246459960938,1107.9766845703125,160.83657836914062,1120.3385009765625,164.5496826171875,1097.840087890625,170.98574829101562,1121.822021484375,184.10543823242188,1091.9063720703125,184.3529815673828,1124.047119140625,201.6808624267578,1105.0098876953125,191.03659057617188,1114.4049072265625,191.77920532226562,1103.773681640625,228.16775512695312,1104.02099609375,228.91038513183594,,,1087.2088623046875,236.08908081054688
1123.479248046875,147.020263671875,1123.9637451171875,145.081298828125,1121.0570068359375,144.83892822265625,1124.9326171875,146.77789306640625,1115.9700927734375,146.29315185546875,1120.330322265625,158.89645385742188,1113.7900390625,158.89645385742188,1098.771728515625,166.65231323242188,1117.907958984375,179.4979705810547,1126.143798828125,193.79786682128906,1119.8458251953125,198.16053771972656,1104.343017578125,194.0402374267578,1109.672119140625,194.0402374267578,,,1104.100830078125,225.063720703125,,,1089.32470703125,233.0619659423828
1120.919921875,143.23193359375,1122.3192138671875,141.12725830078125,1118.587890625,141.12725830078125,1123.9517822265625,142.76422119140625,1113.4571533203125,141.8288116455078,1119.5206298828125,155.3922882080078,1111.3582763671875,157.02926635742188,1122.0860595703125,172.69741821289062,1112.057861328125,174.10052490234375,1123.0189208984375,186.4947509765625,1115.789306640625,190.00253295898438,1118.1214599609375,188.1317138671875,1109.026123046875,189.53482055664062,1132.8138427734375,206.60610961914062,1132.8138427734375,206.60610961914062,,,1142.3756103515625,228.35443115234375
1120.1068115234375,142.1162109375,1121.4608154296875,139.85516357421875,1117.8502197265625,139.62905883789062,1123.26611328125,141.66400146484375,1112.8856201171875,141.2117919921875,1118.5272216796875,153.19540405273438,1110.8546142578125,154.55203247070312,1120.55810546875,171.73605346679688,1110.1776123046875,173.54490661621094,1122.1378173828125,185.52850341796875,1115.593505859375,189.59841918945312,1118.0758056640625,185.980712890625,1109.500732421875,188.2417755126953,1110.1776123046875,218.76605224609375,1132.06689453125,204.74749755859375,,,1093.2529296875,232.10629272460938
1117.186279296875,138.67694091796875,1118.7078857421875,136.50320434570312,1115.0125732421875,136.50320434570312,1120.2294921875,137.37269592285156,1111.099853515625,137.59005737304688,1119.3599853515625,150.41513061523438,1110.0130615234375,151.71937561035156,1121.968505859375,166.71817016601562,1107.404541015625,169.76141357421875,1121.968505859375,177.15211486816406,1113.7083740234375,183.67333984375,1118.0557861328125,184.10809326171875,1109.3609619140625,184.54283142089844,1115.4473876953125,216.0620574951172,1134.3587646484375,203.23699951171875,1132.18505859375,236.92994689941406,1095.66650390625,226.4960174560547
1116.0220947265625,138.44715881347656,1117.4954833984375,136.33445739746094,1113.4964599609375,136.33445739746094,1119.8106689453125,138.23590087890625,1110.3392333984375,138.23590087890625,1118.96875,150.91212463378906,1109.076416015625,151.12339782714844,1121.0736083984375,165.27853393554688,1106.1297607421875,168.4475860595703,1121.2840576171875,176.47586059570312,1113.285888671875,180.91253662109375,1118.126953125,183.44778442382812,1109.7078857421875,183.6590576171875,1118.126953125,214.50457763671875,1133.2811279296875,203.30722045898438,1132.4393310546875,235.84291076660156,1132.4393310546875,236.26544189453125
1113.47021484375,139.06961059570312,1114.4989013671875,135.15467834472656,1111.20703125,135.15467834472656,1116.3507080078125,135.15467834472656,1107.5035400390625,139.27566528320312,1117.1737060546875,149.990234375,1107.2977294921875,150.81443786621094,1119.4368896484375,164.8258056640625,1101.9483642578125,164.8258056640625,1119.4368896484375,176.77667236328125,1111.6185302734375,174.5101318359375,1116.9678955078125,180.48556518554688,1109.1495361328125,180.27951049804688,1130.958740234375,204.38731384277344,,,1132.1932373046875,238.17941284179688,1132.39892578125,237.76731872558594
1109.9083251953125,137.79010009765625,1111.33154296875,136.36599731445312,1107.875244140625,136.56942749023438,1113.9747314453125,137.38320922851562,1105.638671875,137.79010009765625,1115.8045654296875,149.58990478515625,1104.01220703125,149.99679565429688,1118.244384765625,162.81381225585938,1099.3359375,163.62759399414062,1119.2608642578125,174.81704711914062,1110.9249267578125,172.17227172851562,1115.194580078125,181.32728576660156,1106.6552734375,180.71694946289062,1129.630126953125,204.72341918945312,1130.0367431640625,204.9268798828125,1132.273193359375,237.8849334716797,1132.273193359375,237.68148803710938
1107.7349853515625,136.0581512451172,1109.148681640625,134.03465270996094,1105.71533203125,134.23699951171875,1111.370361328125,135.85580444335938,1102.6859130859375,136.66519165039062,1112.380126953125,147.38967895507812,1102.281982421875,148.80612182617188,1115.4095458984375,163.5775909423828,1097.8388671875,163.375244140625,1117.8331298828125,183.61013793945312,1110.1585693359375,170.45745849609375,1113.18798828125,178.95611572265625,1105.71533203125,178.95611572265625,1126.3155517578125,204.45205688476562,1126.5174560546875,205.46380615234375,1131.3646240234375,237.43495178222656,1131.3646240234375,237.2325897216797
1105.966064453125,136.02268981933594,1107.380615234375,133.79562377929688,1103.945068359375,133.79562377929688,1109.401611328125,135.41531372070312,1100.711669921875,136.02268981933594,1110.0078125,147.157958984375,1097.88232421875,148.3727264404297,1113.84765625,167.80886840820312,1093.0321044921875,161.53262329101562,1115.8685302734375,183.60072326660156,1104.147216796875,168.21377563476562,1111.6246337890625,180.96875,1104.147216796875,185.0179443359375,1115.8685302734375,212.55245971679688,1116.0706787109375,212.55245971679688,1094.0426025390625,223.48529052734375,1131.025390625,236.6451873779297
1103.3370361328125,132.76438903808594,1105.158447265625,132.76438903808594,1101.3131103515625,132.76438903808594,1107.78955078125,132.76438903808594,1098.479736328125,132.76438903808594,1108.59912109375,146.73194885253906,1097.06298828125,146.52951049804688,,,1089.7769775390625,161.71163940429688,1115.0755615234375,185.80062866210938,1097.265380859375,154.2218017578125,1109.40869140625,179.93020629882812,1100.0987548828125,180.5374755859375,1116.08740234375,205.43618774414062,1117.099365234375,205.63861083984375,1093.4200439453125,221.22560119628906,1093.0152587890625,221.4280242919922
1101.21875,134.02059936523438,1103.0311279296875,132.21018981933594,1099.2049560546875,132.41134643554688,1105.8504638671875,133.41712951660156,1096.5870361328125,134.62408447265625,1106.656005859375,146.49234008789062,1093.767822265625,145.8888702392578,1108.2669677734375,165.40109252929688,1087.7264404296875,162.78607177734375,1111.489013671875,184.3098602294922,1089.1361083984375,155.74557495117188,1106.656005859375,175.86126708984375,1096.7884521484375,175.6601104736328,1111.0863037109375,199.59780883789062,1111.489013671875,201.810546875,,,1120.75244140625,225.14474487304688
1099.4832763671875,133.41978454589844,1101.0771484375,131.42233276367188,1097.0924072265625,131.62208557128906,1103.866455078125,133.41978454589844,1094.302978515625,134.21875,1104.6634521484375,147.80136108398438,1091.513671875,147.80136108398438,1105.26123046875,166.3775634765625,1088.525146484375,168.375,1109.4451904296875,181.75787353515625,1084.9388427734375,156.19061279296875,1104.4642333984375,176.56451416015625,1095.0999755859375,179.76040649414062,1102.870361328125,214.7156219482422,1110.83984375,210.92050170898438,,,1118.6102294921875,226.9000244140625
1097.0814208984375,133.06423950195312,1098.8427734375,130.90660095214844,1095.1243896484375,130.90660095214844,1101.7784423828125,132.8680877685547,1092.3843994140625,133.06423950195312,1103.5399169921875,147.5792694091797,1089.057373046875,146.40237426757812,1104.9097900390625,165.232666015625,1079.2718505859375,161.11355590820312,1112.3468017578125,179.35540771484375,1082.4031982421875,155.81753540039062,1101.3870849609375,176.0208740234375,1091.014404296875,176.0208740234375,1106.0841064453125,198.38186645507812,1098.8427734375,197.98956298828125,,,1113.5211181640625,227.80422973632812
1094.11376953125,129.66506958007812,1095.8531494140625,127.730712890625,1091.9876708984375,127.92414855957031,1098.5589599609375,129.08474731445312,1089.088623046875,130.0519256591797,1101.8446044921875,145.13986206054688,1084.4500732421875,145.5267333984375,1102.81103515625,162.54904174804688,,,1114.6007080078125,172.80108642578125,,,1097.5926513671875,175.50918579101562,1086.3828125,174.73544311523438,1099.525390625,197.7542266845703,,,1096.0465087890625,216.32400512695312,,
1092.9200439453125,128.34750366210938,1094.8387451171875,126.42292785644531,1091.0013427734375,126.42292785644531,1097.52490234375,127.96258544921875,1088.315185546875,128.5399627685547,1100.5948486328125,143.74411010742188,1083.9022216796875,144.70639038085938,1103.089111328125,161.25775146484375,1075.84375,158.94827270507812,1112.6826171875,169.53343200683594,1075.84375,151.63487243652344,1096.5655517578125,173.57504272460938,1084.669677734375,171.6504669189453,,,,,1113.4500732421875,169.72589111328125,,
1089.0587158203125,124.32762145996094,1091.1278076171875,122.062744140625,1087.3658447265625,122.25148010253906,1094.1375732421875,124.32762145996094,1084.92041015625,124.516357421875,1097.8995361328125,139.9930419921875,1079.8416748046875,139.80429077148438,1099.7806396484375,157.73458862304688,1074.5748291015625,159.81072998046875,1107.8690185546875,162.26434326171875,1074.950927734375,147.54263305664062,1092.82080078125,171.70135498046875,1080.406005859375,171.3238525390625,1093.5732421875,196.99249267578125,1089.0587158203125,193.21768188476562,1089.8111572265625,222.66111755371094,1088.494384765625,224.7372589111328
1088.29150390625,123.11345672607422,1090.1654052734375,121.0512466430664,1086.230224609375,120.86376953125,1093.1636962890625,122.92597961425781,1083.606689453125,122.92597961425781,1097.0989990234375,138.298828125,1077.9849853515625,137.7364044189453,1099.5350341796875,154.04660034179688,1070.3018798828125,152.171875,1104.969482421875,159.29586791992188,1074.424560546875,163.4202880859375,1091.289794921875,169.79440307617188,1079.85888671875,169.98187255859375,1091.4771728515625,194.7283935546875,1086.979736328125,193.60354614257812,1089.4158935546875,220.5997772216797,1086.979736328125,223.7868194580078
1083.923095703125,121.87345886230469,1086.1353759765625,119.8405532836914,1082.4482421875,119.65574645996094,1088.900634765625,121.68864440917969,1079.682861328125,121.50383758544922,1092.7720947265625,137.02780151367188,1073.23046875,136.47337341308594,1095.7218017578125,151.81253051757812,1066.2249755859375,152.18214416503906,1099.408935546875,157.1719970703125,1072.124267578125,169.1845703125,1088.71630859375,173.6199951171875,1076.733154296875,174.17442321777344,1088.34765625,202.26539611816406,1079.49853515625,200.04769897460938,1086.872802734375,225.5513458251953,1074.3365478515625,227.02981567382812
1081.2486572265625,121.31282806396484,1083.261962890625,119.47756958007812,1079.4183349609375,119.29405212402344,1086.1905517578125,121.12930297851562,1076.6728515625,120.9457778930664,1090.21728515625,136.72900390625,1070.9989013671875,135.26080322265625,1092.9627685546875,152.51222229003906,1064.7757568359375,155.26510620117188,1095.525146484375,157.65093994140625,1070.083740234375,171.96595764160156,1086.556640625,173.4341583251953,1073.561279296875,173.61769104003906,1086.922607421875,198.9442596435547,1073.9273681640625,198.5771942138672,1085.824462890625,221.88497924804688,1067.704345703125,213.07574462890625
1077.6844482421875,123.22946166992188,1079.7113037109375,121.01182556152344,1075.841796875,121.01182556152344,1082.8438720703125,122.49024963378906,1073.630615234375,122.85986328125,1087.0819091796875,138.19854736328125,1067.7340087890625,136.72010803222656,1089.2930908203125,157.04849243164062,1060.73193359375,155.75485229492188,1089.2930908203125,174.23519897460938,1065.891357421875,173.86558532714844,1082.8438720703125,172.2023468017578,1069.208251953125,172.01754760742188,1085.7921142578125,196.59640502929688,1068.6553955078125,198.81402587890625,1084.1336669921875,218.77279663085938,1061.468994140625,211.3806610107422
1074.753662109375,125.60181427001953,1076.6251220703125,123.53915405273438,1072.695068359375,123.53915405273438,1079.993896484375,124.28921508789062,1070.074951171875,124.47673034667969,1085.046875,139.4779052734375,1065.0218505859375,138.72784423828125,1085.2340087890625,157.47930908203125,1059.0330810546875,158.0418701171875,1086.5440673828125,176.6058349609375,1062.776123046875,176.98085021972656,1079.993896484375,170.23033142089844,1066.3319091796875,169.10525512695312,1084.1112060546875,196.2948760986328,1062.214599609375,200.4202117919922,1082.98828125,219.92173767089844,,
1072.2479248046875,126.97024536132812,1074.3330078125,125.07124328613281,1069.9732666015625,124.69144439697266,1076.41796875,126.21064758300781,1066.182373046875,126.21064758300781,1080.7777099609375,140.45314025878906,1060.8748779296875,141.97235107421875,1082.86279296875,159.44314575195312,1057.083984375,166.279541015625,1080.01953125,171.97653198242188,1059.7376708984375,180.71194458007812,1075.47021484375,174.44522094726562,1062.580810546875,174.44522094726562,1082.1044921875,199.32212829589844,1058.7899169921875,201.60093688964844,1081.9150390625,222.30003356933594,1049.6915283203125,212.42523193359375
1064.8492431640625,147.8703155517578,1065.61669921875,146.13812255859375,1062.1630859375,146.13812255859375,1065.80859375,147.6778564453125,1056.7908935546875,147.48538208007812,1068.3028564453125,157.4935760498047,1055.0640869140625,158.64837646484375,1070.9888916015625,174.04559326171875,1054.8721923828125,173.27572631835938,1068.3028564453125,187.51815795898438,1061.97119140625,189.05789184570312,1070.221435546875,181.35928344726562,1058.9013671875,183.283935546875,1080.198486328125,199.8359375,1054.8721923828125,204.4551239013672,1080.198486328125,222.54684448242188,1042.4010009765625,223.12423706054688
1066.8067626953125,127.71533966064453,1068.750732421875,125.37477111816406,1064.86279296875,125.37477111816406,1071.47216796875,126.54505920410156,1061.9468994140625,126.35000610351562,1075.9432373046875,141.17364501953125,1055.5318603515625,141.36868286132812,1077.88720703125,154.0467987060547,1050.866455078125,166.1397705078125,1074.1937255859375,158.72793579101562,1055.14306640625,183.88909912109375,1069.72265625,174.91690063476562,1057.0870361328125,175.3070068359375,1075.7489013671875,192.47122192382812,1052.615966796875,204.7592315673828,1080.0255126953125,220.75314331054688,1042.701904296875,222.31353759765625
1065.025146484375,125.28036499023438,1066.983642578125,123.3177490234375,1063.2623291015625,123.3177490234375,1070.117431640625,124.88784790039062,1060.5203857421875,124.10279846191406,1074.23046875,139.8037109375,1054.2529296875,138.62612915039062,1074.23046875,158.25225830078125,1048.181396484375,160.21487426757812,1072.075927734375,175.32699584960938,1050.5316162109375,178.85971069335938,1066.983642578125,171.59803771972656,1054.8404541015625,172.38308715820312,1073.2510986328125,189.65408325195312,1051.706787109375,196.91574096679688,1078.735107421875,218.70074462890625,1042.50146484375,218.70074462890625
1062.6065673828125,122.13343811035156,1064.7513427734375,120.18478393554688,1060.851806640625,119.98992156982422,1067.676025390625,121.93856811523438,1057.92724609375,121.74369812011719,1070.9906005859375,137.1380157470703,1050.713134765625,136.35855102539062,1075.280029296875,150.38882446289062,1044.6688232421875,156.42962646484375,1066.8961181640625,167.73178100585938,1047.3984375,174.55203247070312,1064.556396484375,170.07015991210938,1051.2979736328125,170.2650146484375,1071.9654541015625,192.86932373046875,1045.8387451171875,199.68959045410156,1074.5001220703125,221.1247100830078,1040.5743408203125,220.73497009277344
1061.316650390625,121.41639709472656,1063.4447021484375,119.67362976074219,1059.76904296875,119.28634643554688,1066.7333984375,121.41639709472656,1057.64111328125,121.02911376953125,1070.2154541015625,135.74588012695312,1050.096435546875,134.9713134765625,1072.1500244140625,152.59268188476562,1043.7125244140625,153.173583984375,1064.9923095703125,166.53485107421875,1046.2274169921875,173.6995849609375,1064.0250244140625,168.85855102539062,1050.2899169921875,168.47128295898438,1070.2154541015625,191.70823669433594,1044.873291015625,197.71112060546875,1072.5369873046875,219.01168823242188,1039.843505859375,220.94808959960938
1058.722412109375,122.23545837402344,1061.0269775390625,120.88761901855469,1056.993896484375,120.117431640625,1063.7156982421875,122.04290771484375,1053.7291259765625,121.6578140258789,1067.748779296875,136.29141235351562,1047.1993408203125,135.13613891601562,1073.3182373046875,148.8070068359375,1041.4378662109375,153.235595703125,1067.748779296875,157.2790985107422,1042.7822265625,170.17977905273438,1062.1793212890625,169.794677734375,1047.391357421875,168.83193969726562,1066.5965576171875,192.900390625,1042.2060546875,195.78860473632812,1067.748779296875,219.85704040527344,1036.444580078125,221.97506713867188
1057.0870361328125,123.25467681884766,1059.1981201171875,121.13835906982422,1055.3597412109375,120.94596862792969,1062.076904296875,122.67750549316406,1052.6729736328125,121.90792846679688,1067.6424560546875,136.33734130859375,1045.955810546875,134.7982177734375,1072.82421875,148.45806884765625,1040.3902587890625,153.2678680419922,1066.107177734375,157.50050354003906,1041.925537109375,170.96795654296875,1060.9254150390625,171.92991638183594,1046.3397216796875,171.1603546142578,1065.7232666015625,194.43980407714844,1041.157958984375,196.74851989746094,1066.8748779296875,220.6051483154297,1035.59228515625,220.6051483154297
1053.418701171875,124.68515014648438,1055.7100830078125,122.96488952636719,1052.4638671875,122.5826187133789,1059.1470947265625,124.4940185546875,1050.172607421875,124.11174011230469,1063.5389404296875,137.49154663085938,1042.53466796875,136.72698974609375,1070.794921875,149.72451782226562,1036.04248046875,150.48907470703125,1065.2574462890625,141.8877716064453,1035.2786865234375,165.39801025390625,1056.855712890625,168.073974609375,1043.6802978515625,168.26510620117188,1062.584228515625,192.9221954345703,1038.5247802734375,193.11334228515625,1066.5941162109375,219.87294006347656,1033.369140625,217.00584411621094
1051.3465576171875,126.74122619628906,1053.4423828125,124.63726806640625,1049.822265625,124.44599914550781,1056.6815185546875,126.54995727539062,1047.535888671875,126.16741943359375,1060.8731689453125,139.55624389648438,1039.9146728515625,138.98245239257812,1070.0186767578125,148.92843627929688,1033.817626953125,156.1966552734375,1063.35009765625,142.04275512695312,1034.9608154296875,173.2196044921875,1054.776123046875,169.77676391601562,1040.6767578125,170.73312377929688,1059.1583251953125,182.97433471679688,1036.2945556640625,194.45046997070312,1063.35009765625,207.45677185058594,1031.3406982421875,218.1678466796875
1049.6251220703125,129.95899963378906,1051.53564453125,127.85650634765625,1048.287841796875,127.66535949707031,1054.592529296875,129.7678680419922,1045.8040771484375,128.42990112304688,1057.8404541015625,142.3828887939453,1038.3531494140625,140.47152709960938,1067.201904296875,150.79290771484375,1030.902099609375,159.58517456054688,1062.0435791015625,146.39675903320312,1029.7557373046875,172.2001953125,1051.9178466796875,171.43565368652344,1038.544189453125,171.6267852783203,1057.076171875,192.84295654296875,1034.14990234375,194.180908203125,1061.470458984375,208.8984375,1029.1826171875,220.1754913330078
1046.765625,133.5804901123047,1048.505615234375,131.83758544921875,1044.832275390625,131.64393615722656,1051.018798828125,132.41856384277344,1042.3189697265625,132.22491455078125,1054.305419921875,144.4251708984375,1037.29248046875,142.68228149414062,1060.685302734375,151.0094451904297,1030.3326416015625,159.91757202148438,1064.3585205078125,155.46351623535156,1028.2059326171875,173.27978515625,1049.47216796875,169.600341796875,1036.90576171875,169.0193634033203,1053.1455078125,188.96585083007812,1032.8458251953125,187.22296142578125,1059.7186279296875,208.91232299804688,1029.559326171875,204.65191650390625
1043.075439453125,137.4143524169922,1044.847412109375,135.63595581054688,1050.16357421875,157.37197875976562,1038.743896484375,134.64794921875,1047.60400390625,134.45034790039062,1033.624755859375,144.92315673828125,1047.60400390625,140.18075561523438,1027.5211181640625,165.27598571777344,1052.72314453125,150.653564453125,1026.3397216796875,177.52720642089844,1057.448486328125,155.7911834716797,1035.396728515625,169.0303955078125,1046.6195068359375,168.63519287109375,1030.0806884765625,188.988037109375,1051.7386474609375,190.17361450195312,,,1026.142822265625,204.5984344482422
1038.38720703125,142.29641723632812,1040.35888671875,140.12445068359375,1036.4156494140625,140.12445068359375,1043.513427734375,141.50660705566406,1033.458251953125,140.716796875,1047.45654296875,153.5511016845703,1030.3037109375,152.36639404296875,1054.9486083984375,165.79306030273438,1026.3604736328125,167.9650115966797,1052.3856201171875,159.07972717285156,1024.1917724609375,179.61460876464844,1045.68212890625,177.24520874023438,1033.458251953125,177.44265747070312,1026.3604736328125,192.05401611328125,1026.3604736328125,192.05401611328125,1064.806640625,219.89456176757812,1020.0513916015625,218.70986938476562
1031.9141845703125,143.61839294433594,1033.73095703125,141.59487915039062,1030.097412109375,141.59487915039062,1037.7681884765625,142.404296875,1027.876953125,142.80899047851562,1042.2091064453125,154.34304809570312,1024.4453125,153.93833923339844,1047.659423828125,167.90060424804688,1021.2155151367188,167.69825744628906,1035.74951171875,183.27935791015625,1020.2061767578125,179.23231506347656,1041.4017333984375,179.63702392578125,1029.088134765625,180.04171752929688,1051.29296875,202.09805297851562,1021.0136108398438,194.8134002685547,1062.3953857421875,215.85800170898438,1016.7745361328125,215.2509307861328
1024.10888671875,143.67254638671875,1025.9637451171875,141.610595703125,1024.31494140625,141.40440368652344,1029.0552978515625,143.67254638671875,1030.0858154296875,144.08493041992188,1017.5136108398438,155.219482421875,1035.23828125,154.80709838867188,,,1039.56640625,170.47793579101562,1024.52099609375,179.13815307617188,1027.818603515625,139.96102905273438,1023.4905395507812,180.16912841796875,1037.0931396484375,179.13815307617188,1016.0709228515625,193.77801513671875,1048.8409423828125,203.26300048828125,1011.5367431640625,206.35594177246094,1059.55810546875,214.1913604736328
1020.50390625,156.44757080078125,1021.341552734375,154.56082153320312,1018.6192626953125,155.3993682861328,1014.6405639648438,137.99935913085938,1015.0593872070312,156.02828979492188,,,,,,,,,,,,,1014.8499755859375,178.6692657470703,1027.6236572265625,177.20179748535156,1000.81982421875,205.712646484375,1038.5128173828125,199.0042266845703,1012.127685546875,218.71026611328125,1057.5687255859375,216.6138916015625
1014.7547607421875,153.13095092773438,1015.6129760742188,151.841796875,1013.4673461914062,152.27151489257812,1009.6051635742188,138.09078979492188,,,,,,,,,,,,,,,1011.9653930664062,176.3357696533203,1023.5519409179688,176.3357696533203,998.0186157226562,205.77151489257812,1034.7093505859375,199.3257293701172,1013.0382080078125,219.52252197265625,,
1002.4613037109375,153.42230224609375,1004.1895141601562,151.477294921875,1000.5170288085938,151.6934051513672,1006.1337890625,152.9900665283203,998.356689453125,153.2061767578125,1009.59033203125,161.20228576660156,996.1964111328125,162.4989471435547,1013.4788818359375,173.52059936523438,993.3880004882812,172.22393798828125,1006.7819213867188,184.54226684570312,984.314697265625,178.05892944335938,1012.398681640625,183.02947998046875,1001.381103515625,184.7583770751953,1021.6880493164062,200.318359375,994.4681396484375,205.50502014160156,,,1013.4788818359375,219.3361053466797
999.0034790039062,152.25413513183594,999.6484375,150.10867309570312,996.853759765625,150.53778076171875,1000.7232666015625,151.3959503173828,994.2741088867188,152.25413513183594,1003.0879516601562,161.050537109375,993.4142456054688,161.26507568359375,1006.0975952148438,175.85421752929688,991.4794921875,167.05783081054688,1003.0879516601562,186.36697387695312,,,998.3585815429688,189.58517456054688,997.2837524414062,188.72698974609375,993.4142456054688,205.6761474609375,993.6292114257812,205.46157836914062,1014.051513671875,219.62164306640625,1014.051513671875,219.62164306640625
982.57470703125,148.087158203125,983.207275390625,147.030517578125,981.0986938476562,147.87582397460938,977.935791015625,129.06790161132812,979.83349609375,151.0457000732422,,,,,994.5936279296875,173.23483276367188,972.8751831054688,150.83438110351562,,,977.935791015625,139.0001678466797,982.9963989257812,165.8384552001953,,,989.111328125,203.0316619873047,988.4786987304688,203.0316619873047,1007.2451171875,211.69598388671875,,
986.2891845703125,150.74496459960938,987.7360229492188,149.2935028076172,985.2557373046875,148.87879943847656,989.182861328125,150.1229248046875,982.3621215820312,149.7082061767578,987.7360229492188,156.55084228515625,977.1948852539062,158.00230407714844,993.7300415039062,164.22286987304688,,,,,976.3681030273438,167.12579345703125,987.115966796875,177.9081268310547,979.8818359375,178.73753356933594,,,982.5687866210938,195.32571411132812,,,982.1553955078125,204.44923400878906
969.048583984375,152.01547241210938,970.4921875,149.12930297851562,969.8734741210938,149.12930297851562,974.2042846679688,149.12930297851562,966.9862670898438,149.12930297851562,974.6167602539062,165.2093505859375,965.5426635742188,159.43704223632812,975.64794921875,176.5478515625,955.4373779296875,170.77552795410156,977.091552734375,184.38172912597656,962.2429809570312,166.4462890625,970.4921875,183.55711364746094,966.780029296875,182.9386444091797,966.3675537109375,197.78176879882812,978.3289184570312,195.3079071044922,972.1420288085938,206.6464080810547,994.6210327148438,208.08949279785156
959.865478515625,150.30642700195312,961.1198120117188,148.8389129638672,959.4473266601562,148.8389129638672,965.301025390625,149.88714599609375,959.6563720703125,150.09677124023438,967.6007080078125,157.6439666748047,958.8201293945312,156.3861083984375,964.046630859375,163.30435180664062,956.1023559570312,164.98150634765625,956.1023559570312,167.70687866210938,952.54833984375,167.70687866210938,963.6285400390625,179.65660095214844,958.1929931640625,178.81802368164062,955.4751586914062,193.28347778320312,955.4751586914062,193.49310302734375,957.3567504882812,206.07176208496094,957.3567504882812,206.07176208496094
950.566162109375,148.15928649902344,952.6878051757812,147.52163696289062,951.20263671875,147.30908203125,956.5068359375,147.73419189453125,952.6878051757812,147.94674682617188,960.5379638671875,155.1734619140625,952.0513305664062,154.96090698242188,956.5068359375,165.58847045898438,946.5350341796875,165.58847045898438,947.3836669921875,164.73825073242188,942.92822265625,171.96499633789062,951.8391723632812,180.46701049804688,949.50537109375,179.19171142578125,946.1107177734375,194.49539184570312,958.8406372070312,195.77069091796875,947.3836669921875,207.035888671875,947.1715087890625,207.6735382080078
932.70263671875,131.72433471679688,934.3468627929688,127.39923095703125,930.8529052734375,127.39923095703125,938.0463256835938,130.48858642578125,929.003173828125,131.10647583007812,946.267333984375,148.200927734375,930.236328125,148.40689086914062,946.472900390625,159.94052124023438,929.8253173828125,160.9702911376953,931.469482421875,169.62051391601562,926.9479370117188,158.08688354492188,939.8960571289062,170.65029907226562,939.6905517578125,172.0919952392578,942.7734375,188.3626251220703,939.6905517578125,190.01031494140625,945.6507568359375,200.30816650390625,939.6905517578125,206.2809295654297
923.76611328125,132.66583251953125,925.5645141601562,130.8669891357422,922.3673095703125,130.46725463867188,929.3612060546875,131.66647338867188,920.1692504882812,131.66647338867188,935.5557861328125,141.4601287841797,916.37255859375,142.85922241210938,940.1517333984375,159.44845581054688,911.5767822265625,155.4510498046875,930.9597778320312,170.64120483398438,,,934.3568115234375,174.23887634277344,924.3655395507812,173.03964233398438,932.3585815429688,201.42124938964844,925.5645141601562,202.02085876464844,940.1517333984375,221.608154296875,940.751220703125,207.0176239013672
923.6795043945312,153.363037109375,925.049560546875,150.61831665039062,922.5051879882812,151.20648193359375,927.0067749023438,151.99069213867188,918.982177734375,153.1669921875,933.0740966796875,162.57745361328125,919.1779174804688,162.38140869140625,936.988525390625,175.51686096191406,,,927.5938720703125,183.75100708007812,926.0281372070312,169.83135986328125,926.223876953125,189.63253784179688,917.0250244140625,188.06414794921875,926.81103515625,206.4929656982422,,,939.337158203125,222.96128845214844,939.5328369140625,222.96128845214844
,,,,,,,,,,932.4569091796875,216.7261962890625,936.432861328125,216.92555236816406,931.2640991210938,219.7164306640625,,,931.6616821289062,222.10862731933594,938.4208374023438,222.10862731933594,934.0473022460938,221.70993041992188,936.432861328125,221.70993041992188,934.24609375,226.29495239257812,934.4448852539062,226.6936492919922,,,933.8485107421875,230.2819366455078
894.6728515625,137.4901123046875,896.3103637695312,135.44357299804688,893.0352783203125,135.85289001464844,899.9948120117188,136.26219177246094,891.3977661132812,137.4901123046875,905.3167724609375,152.22525024414062,,,,,,,924.9671020507812,213.21226501464844,,,906.544921875,180.05824279785156,,,,,883.6195068359375,190.70028686523438,,,875.6365966796875,203.38885498046875
880.5914306640625,138.60357666015625,882.2648315429688,136.0858154296875,879.7547607421875,136.92506408691406,886.4483032226562,135.87599182128906,878.29052734375,137.34469604492188,891.8868408203125,143.84893798828125,,,895.44287109375,158.32615661621094,,,883.1015014648438,142.59005737304688,862.8115844726562,153.71023559570312,,,,,,,894.1878051757812,185.60205078125,895.233642578125,212.45831298828125,895.6519775390625,214.34664916992188
872.9323120117188,145.49224853515625,874.0237426757812,142.86756896972656,872.9323120117188,142.86756896972656,882.755126953125,147.67945861816406,894.5425415039062,161.24021911621094,878.171142578125,159.49044799804688,888.6488647460938,165.17721557617188,,,894.5425415039062,174.36355590820312,,,898.25341796875,182.237548828125,877.734619140625,183.7686004638672,887.5574340820312,183.7686004638672,864.8557739257812,196.01702880859375,886.684326171875,197.76681518554688,852.6318359375,209.57778930664062,888.8671264648438,215.4832763671875
,,,,,,,,,,,,,,,,,,,,,,,,,,869.8091430664062,218.99856567382812,869.8091430664062,185.5599365234375,897.06787109375,221.41847229003906,842.989990234375,202.71922302246094
856.428955078125,143.83096313476562,855.991943359375,141.64654541015625,857.0844116210938,141.20965576171875,856.21044921875,141.64654541015625,866.2607421875,140.55433654785156,862.9835205078125,153.22396850585938,,,867.3531494140625,176.37881469726562,,,868.4456176757812,192.3250732421875,868.6640625,192.10662841796875,862.9835205078125,187.08245849609375,,,861.8910522460938,216.79055786132812,862.7650146484375,216.13523864746094,888.1092529296875,219.8487548828125,837.4207763671875,221.37783813476562
851.1340942382812,140.7386016845703,852.4445190429688,138.98846435546875,850.6973266601562,138.98846435546875,850.6973266601562,140.08229064941406,860.306884765625,135.48818969726562,858.9965209960938,151.0206298828125,852.0076904296875,152.11447143554688,854.846923828125,174.42868041992188,,,,,,,858.1229248046875,186.24209594726562,862.927734375,184.71070861816406,857.2493286132812,214.46299743652344,857.904541015625,214.24423217773438,880.1812744140625,219.27586364746094,836.7197265625,221.9010772705078
857.5418090820312,193.31805419921875,851.9346923828125,191.37640380859375,849.778076171875,191.16067504882812,846.3275756835938,191.80789184570312,846.3275756835938,191.16067504882812,840.2891235351562,196.76983642578125,,,,,,,,,,,,,,,856.67919921875,210.79273986816406,,,876.5198364257812,220.932373046875,874.7945556640625,220.28515625
842.0311279296875,127.98625183105469,844.6254272460938,124.09845733642578,841.81494140625,124.09845733642578,849.1654052734375,124.09845733642578,840.08544921875,124.09845733642578,850.0302124023438,138.78567504882812,840.7340087890625,138.78567504882812,836.4102172851562,145.91329956054688,834.8968505859375,145.91329956054688,824.3035278320312,142.88946533203125,823.2225952148438,142.67347717285156,847.652099609375,170.10401916503906,840.08544921875,170.53599548339844,853.921630859375,202.50230407714844,831.0054321289062,199.26246643066406,870.1358642578125,219.5653839111328,837.4911499023438,221.2932891845703
838.800537109375,121.69881439208984,841.3632202148438,119.35035705566406,837.7327880859375,119.35035705566406,844.780029296875,120.41783142089844,836.2379150390625,120.204345703125,847.769775390625,134.29510498046875,834.5294799804688,133.86810302734375,825.9873657226562,138.56503295898438,824.7060546875,138.7785186767578,812.1063842773438,139.63250732421875,812.3199462890625,138.9920196533203,,,846.2749633789062,155.43124389648438,849.478271484375,182.9722900390625,831.1126708984375,196.42254638671875,857.3796997070312,203.25442504882812,837.0921630859375,218.6261749267578
,,840.5420532226562,157.295166015625,843.9537963867188,157.0818634033203,,,833.50537109375,157.50845336914062,,,,,,,,,,,860.3726806640625,214.67225646972656,843.3140869140625,173.29248046875,831.1598510742188,173.932373046875,849.0713500976562,181.18450927734375,829.24072265625,188.01004028320312,851.630126953125,197.6084442138672,834.7847900390625,211.25950622558594
764.6941528320312,72.58786010742188,766.4403686523438,71.07123565673828,763.3844604492188,70.85457611083984,768.8414916992188,72.37120056152344,759.6737060546875,71.28789520263672,770.5877075195312,78.22102355957031,753.9983520507812,78.87100982666016,,,,,767.5317993164062,77.571044921875,,,,,,,,,,,,,,
817.2730712890625,53.715797424316406,818.5453491210938,52.2294807434082,815.3646240234375,52.2294807434082,820.6658325195312,53.2911376953125,811.759765625,52.654144287109375,821.9381103515625,59.66107940673828,807.3067626953125,58.81175231933594,822.1502075195312,70.70230865478516,800.3091430664062,66.88034057617188,,,,,817.485107421875,77.70924377441406,807.518798828125,77.92157745361328,825.3309326171875,80.04489135742188,,,,,,
898.2181396484375,49.20094299316406,899.4390258789062,49.20094299316406,896.1832885742188,49.20094299316406,901.2703857421875,49.20094299316406,892.7240600585938,49.20094299316406,902.8982543945312,55.72089767456055,886.6195068359375,56.535892486572266,,,887.636962890625,67.94580841064453,,,901.2703857421875,65.70457458496094,901.473876953125,76.50325012207031,890.0787353515625,77.11449432373047,,,891.09619140625,71.81703186035156,,,,
819.9840087890625,112.40122985839844,822.5638427734375,109.61952209472656,818.3964233398438,109.61952209472656,825.5405883789062,111.20907592773438,814.6258544921875,111.0103759765625,828.1204833984375,124.91893005371094,809.4661254882812,124.52153778076172,824.3499145507812,142.6026611328125,809.863037109375,128.4954071044922,814.8242797851562,148.16607666015625,822.5638427734375,131.07843017578125,825.5405883789062,154.12689208984375,812.2444458007812,155.7164306640625,829.7080688476562,176.18186950683594,815.22119140625,183.13613891601562,841.8135375976562,204.992431640625,,
817.374755859375,53.52036666870117,818.73828125,52.157901763916016,815.4268798828125,51.96326446533203,820.4913940429688,52.74181365966797,811.5311279296875,52.3525390625,821.66015625,59.3594970703125,807.6353149414062,58.97022247314453,821.46533203125,71.03776550292969,800.0385131835938,67.33964538574219,818.73828125,61.50051498413086,804.7135009765625,74.15196990966797,818.5435180664062,76.68225860595703,808.6092529296875,78.04472351074219,830.0361328125,78.23936462402344,816.7904052734375,79.60182189941406,,,,
808.4688720703125,115.0114517211914,810.38671875,112.70164489746094,807.5098876953125,112.50916290283203,814.7978515625,113.66407012939453,805.7838134765625,113.66407012939453,817.4828491210938,125.79056549072266,802.139892578125,124.25068664550781,821.318603515625,135.2222900390625,804.24951171875,135.2222900390625,818.4417724609375,154.47067260742188,816.907470703125,137.14712524414062,814.2224731445312,153.50827026367188,802.3316650390625,154.2781982421875,823.044677734375,170.8318328857422,800.6055908203125,174.29653930664062,837.4287109375,198.9344940185547,800.6055908203125,190.8501739501953
803.0433959960938,116.95027160644531,804.7822265625,115.0129165649414,801.497802734375,114.81918334960938,808.6461791992188,116.36906433105469,799.9522094726562,115.98159790039062,812.7033081054688,129.15557861328125,796.6678466796875,128.57437133789062,815.2149047851562,143.87942504882812,799.179443359375,140.7796630859375,802.2706298828125,139.8109893798828,810.7713623046875,140.7796630859375,810.1917724609375,158.4095458984375,798.9862060546875,159.95941162109375,820.4312744140625,174.10208129882812,795.1222534179688,176.42691040039062,,,802.2706298828125,196.76907348632812
764.5839233398438,72.60255432128906,766.1439208984375,71.23758697509766,763.02392578125,70.84758758544922,769.06884765625,72.01757049560547,759.708984375,70.84758758544922,770.6288452148438,78.2574462890625,754.4440307617188,78.2574462890625,,,,,767.3139038085938,77.67245483398438,,,,,,,,,,,,,,
764.6094360351562,72.52642822265625,766.2237548828125,70.91770935058594,763.1969604492188,70.71661376953125,769.0487670898438,72.1242446899414,759.5648193359375,70.71661376953125,770.6630249023438,78.35802459716797,753.7130126953125,78.76020812988281,,,,,767.232666015625,77.55366516113281,,,,,,,,,,,,,,
786.0950927734375,133.82391357421875,788.181884765625,131.94635009765625,784.6343383789062,132.15496826171875,791.5208129882812,132.9894561767578,783.3822021484375,133.4066925048828,797.78125,144.672119140625,779.8346557617188,144.672119140625,804.4591064453125,160.73580932617188,779.4172973632812,162.61337280273438,805.0851440429688,174.92190551757812,799.659423828125,156.56341552734375,799.659423828125,168.8719482421875,787.5558471679688,169.70643615722656,814.0584106445312,198.28726196289062,780.0433349609375,188.69078063964844,,,773.7828979492188,203.71136474609375
781.7301025390625,141.1864471435547,783.438232421875,139.04931640625,779.8084106445312,139.26303100585938,787.0680541992188,140.1178741455078,778.1002807617188,140.75901794433594,792.6195678710938,150.37615966796875,775.5380859375,151.65843200683594,792.8330688476562,167.68698120117188,773.4028930664062,170.03782653808594,782.3706665039062,158.06985473632812,778.1002807617188,157.00128173828125,787.2816162109375,176.87667846679688,799.8792114257812,176.23553466796875,775.7515869140625,193.97378540039062,809.2739868164062,203.377197265625,768.06494140625,210.85719299316406,,
778.259033203125,148.5820770263672,780.2022094726562,145.77474975585938,776.7476806640625,146.6385498046875,783.4407958984375,147.0704345703125,774.3726806640625,147.93423461914062,789.7021484375,158.51571655273438,771.9977416992188,160.24331665039062,804.5997314453125,167.15365600585938,769.838623046875,176.87136840820312,817.7700805664062,183.34982299804688,770.2704467773438,175.35972595214844,796.395263671875,182.7019805908203,783.2249145507812,183.13388061523438,803.08837890625,200.8416748046875,773.94091796875,196.95458984375,818.849609375,224.5960235595703,765.7363891601562,211.63909912109375
776.9375610351562,153.232421875,778.904296875,151.0467529296875,775.1893310546875,151.26531982421875,782.8377685546875,151.70245361328125,774.0967407226562,151.70245361328125,789.175048828125,163.0679168701172,771.9114990234375,164.59786987304688,803.3792114257812,170.06204223632812,804.6903686523438,170.93630981445312,817.8019409179688,179.02325439453125,771.4744262695312,184.05029296875,794.856689453125,189.7330322265625,781.7451171875,189.7330322265625,771.6929321289062,202.62844848632812,771.4744262695312,202.19131469726562,762.951904296875,215.3052978515625,,
781.3834838867188,155.1099090576172,783.5816040039062,152.4712677001953,780.0646362304688,152.691162109375,787.0985717773438,153.79058837890625,778.5260009765625,154.01046752929688,793.9126586914062,165.00482177734375,774.7891845703125,166.76393127441406,807.321044921875,170.06222534179688,771.7118530273438,186.11398315429688,816.333251953125,174.6798553466797,782.2627563476562,191.8310546875,795.2315063476562,191.8310546875,781.1636962890625,192.2708282470703,806.002197265625,212.72032165527344,771.272216796875,207.44302368164062,817.4323120117188,225.25389099121094,760.941162109375,223.4947967529297
785.3802490234375,154.40687561035156,787.3694458007812,152.41622924804688,784.0540771484375,152.6374053955078,790.2427978515625,153.07977294921875,781.6227416992188,153.96450805664062,795.5474243164062,164.13897705078125,776.981201171875,166.35081481933594,807.4828491210938,169.00502014160156,773.44482421875,185.81500244140625,815.6608276367188,173.87106323242188,783.3909912109375,193.11407470703125,795.7684326171875,191.56578063964844,781.8438110351562,191.78695678710938,806.5987548828125,203.50970458984375,773.8868408203125,205.2791748046875,807.703857421875,217.22311401367188,763.277587890625,221.2044219970703
796.4209594726562,153.9242401123047,797.9679565429688,151.93272399902344,794.2109985351562,151.93272399902344,800.8409423828125,152.3752899169922,792.0010375976562,152.5965576171875,804.3768920898438,163.66050720214844,787.1390991210938,165.20945739746094,811.227783203125,170.74142456054688,780.730224609375,184.01815795898438,819.6256713867188,176.27340698242188,787.1390991210938,198.17999267578125,802.60888671875,189.32884216308594,787.5811157226562,191.3203582763672,809.9017944335938,201.49917602539062,779.625244140625,206.58859252929688,813.8797607421875,214.112060546875,764.1554565429688,223.8483428955078
800.8858032226562,152.99203491210938,802.41650390625,150.80662536621094,798.4805297851562,151.02517700195312,804.82177734375,151.8993377685547,795.8565673828125,151.8993377685547,808.101806640625,163.48204040527344,789.73388671875,164.57473754882812,814.4430541992188,172.44223022460938,783.3926391601562,184.2434844970703,821.6589965820312,178.5614013671875,789.73388671875,199.7599334716797,803.5098266601562,190.14410400390625,789.9525756835938,191.23681640625,811.1630859375,202.60098266601562,779.8939819335938,207.84597778320312,815.7550048828125,215.71347045898438,764.5874633789062,224.01803588867188
811.8944091796875,155.77752685546875,814.0145874023438,153.86697387695312,809.9862060546875,153.86697387695312,816.558837890625,154.50381469726562,807.22998046875,154.29153442382812,818.2550048828125,166.39170837402344,800.869384765625,165.75485229492188,821.4352416992188,179.34100341796875,790.6924438476562,179.34100341796875,828.6439208984375,189.95518493652344,794.7208251953125,202.69219970703125,808.9260864257812,192.71487426757812,796.6289672851562,192.92715454101562,815.2866821289062,218.18890380859375,787.088134765625,205.87646484375,,,779.0313720703125,218.18890380859375
820.8990478515625,158.94908142089844,822.3372192382812,156.06568908691406,818.0226440429688,156.06568908691406,823.7754516601562,157.09547424316406,815.3517456054688,156.88951110839844,823.1590576171875,169.86477661132812,809.3935546875,166.56948852539062,826.4463500976562,182.22216796875,793.1624755859375,188.40086364746094,828.9118041992188,189.22470092773438,793.5734252929688,202.40591430664062,810.21533203125,194.57955932617188,798.915283203125,194.16763305664062,815.3517456054688,220.5300750732422,,,,,,
819.9255981445312,179.3211669921875,828.1968383789062,159.0854949951172,825.9777221679688,158.47842407226562,821.135986328125,159.0854949951172,822.5481567382812,159.49020385742188,819.9255981445312,169.40570068359375,803.98828125,177.7023162841797,827.5916137695312,180.94003295898438,794.7083740234375,188.83193969726562,829.4072875976562,185.39187622070312,794.9100952148438,202.99688720703125,814.8821411132812,204.21104431152344,802.7778930664062,204.61575317382812,815.4873657226562,222.82785034179688,806.6109008789062,218.37600708007812,,,798.94482421875,234.15982055664062
,,,,826.7916870117188,159.9776611328125,,,831.557373046875,160.57334899902344,,,819.6431274414062,178.84085083007812,,,832.3516235351562,180.4293212890625,799.5874633789062,203.26370239257812,,,805.7431640625,203.26370239257812,816.4660034179688,203.66082763671875,,,815.47314453125,221.72976684570312,,,,
829.6597290039062,162.1144256591797,831.44384765625,160.1302490234375,828.2720947265625,160.1302490234375,834.4173583984375,160.92391967773438,825.298583984375,160.52708435058594,836.9944458007812,171.63845825195312,820.7391967773438,170.05111694335938,836.7962036132812,182.15457153320312,809.0433349609375,196.24221801757812,803.4927368164062,171.043212890625,797.1492309570312,193.46437072753906,821.9285888671875,205.7662353515625,815.3868408203125,204.77415466308594,819.5498046875,219.06021118164062,819.1533203125,218.66339111328125,,,801.7086181640625,229.5763397216797
831.9747314453125,162.27943420410156,834.13916015625,159.91233825683594,830.0070190429688,159.715087890625,838.0745239257812,162.27943420410156,827.0554809570312,160.89862060546875,840.239013671875,173.52310180664062,822.7265625,171.747802734375,846.9291381835938,186.93663024902344,804.8206176757812,173.52310180664062,840.239013671875,188.12017822265625,803.2464599609375,192.4598388671875,827.6458129882812,195.418701171875,818.004150390625,193.44613647460938,826.4652099609375,218.49783325195312,816.6267700195312,214.15817260742188,815.0526123046875,233.88392639160156,808.1657104492188,223.62652587890625
834.178955078125,163.37081909179688,837.116455078125,161.800537109375,834.5706176757812,161.604248046875,832.0247802734375,160.23025512695312,838.8789672851562,161.407958984375,825.5623168945312,171.02590942382812,842.0123291015625,172.79248046875,810.8748168945312,179.85873413085938,849.4539794921875,180.4475860595703,811.2664794921875,193.00979614257812,837.3123168945312,161.407958984375,824.1914672851562,193.79495239257812,836.3331298828125,195.75778198242188,824.5831298828125,224.61163330078125,834.7664794921875,223.43392944335938,809.8956298828125,223.23764038085938,,
839.1674194335938,166.56430053710938,841.2984008789062,164.6287384033203,837.423828125,164.6287384033203,843.6231689453125,165.79006958007812,834.3241577148438,165.59652709960938,845.9479370117188,176.62913513183594,829.868408203125,176.24203491210938,852.1472778320312,183.59710693359375,819.6007080078125,183.7906494140625,855.440673828125,186.69398498535156,818.8258056640625,184.95199584960938,842.0733642578125,199.66213989257812,828.8997192382812,200.24281311035156,839.9423217773438,216.11428833007812,827.9310913085938,223.08226013183594,,,827.5436401367188,237.7924041748047
846.2075805664062,170.91482543945312,847.5545043945312,169.56915283203125,844.8607177734375,169.56915283203125,849.0938720703125,170.53036499023438,842.3592529296875,170.1458740234375,852.3649291992188,180.71908569335938,836.009521484375,181.10357666015625,,,828.3128662109375,200.51983642578125,,,841.589599609375,209.170654296875,848.3241577148438,206.28704833984375,834.0853881835938,205.13360595703125,846.977294921875,222.43524169921875,831.0067138671875,223.20419311523438,844.8607177734375,234.9308319091797,829.2749633789062,249.5410919189453
847.9329833984375,171.739013671875,849.8186645507812,168.1573486328125,847.1787109375,168.1573486328125,851.8929443359375,168.1573486328125,835.487548828125,185.31161499023438,,,857.1727905273438,181.91845703125,,,833.4132690429688,203.97396850585938,848.4987182617188,211.70281982421875,848.12158203125,211.51429748535156,852.2700805664062,211.3258056640625,836.05322265625,211.51429748535156,851.3272094726562,235.4548797607422,830.7733154296875,233.56980895996094,,,829.6419067382812,247.7079315185547
862.1821899414062,172.74966430664062,862.3755493164062,171.39463806152344,860.2489013671875,171.5882110595703,,,857.5423583984375,172.55609130859375,867.7886962890625,183.58987426757812,852.9024658203125,185.33206176757812,880.93505859375,184.7513427734375,844.39599609375,205.46389770507812,886.73486328125,188.23568725585938,856.76904296875,216.11053466796875,861.7955322265625,208.36752319335938,853.0957641601562,207.0124969482422,865.4688110351562,223.85354614257812,866.0487670898438,222.30496215820312,867.5953979492188,244.5661163330078,,
866.5452880859375,175.746826171875,867.9164428710938,174.5697479248047,864.978271484375,174.5697479248047,870.071044921875,174.9621124267578,862.8236083984375,174.9621124267578,872.421630859375,183.7901153564453,859.1019287109375,185.16336059570312,879.27734375,185.55572509765625,848.7203979492188,206.35057067871094,887.7000732421875,190.06781005859375,861.84423828125,220.27920532226562,858.9060668945312,205.3696746826172,849.50390625,205.3696746826172,,,842.4523315429688,232.44223022460938,873.5968627929688,248.13645935058594,831.6790771484375,244.60525512695312
876.8024291992188,199.9744873046875,877.984130859375,198.59336853027344,876.0146484375,198.79067993164062,867.3488159179688,198.39605712890625,862.2280883789062,198.79067993164062,868.530517578125,203.1313018798828,,,,,860.45556640625,217.73162841796875,,,861.6372680664062,231.542724609375,867.939697265625,217.53433227539062,875.8176879882812,216.94241333007812,882.1201171875,230.55621337890625,882.3170166015625,230.35891723632812,,,,
873.1314086914062,201.51422119140625,875.2833862304688,200.53402709960938,871.5663452148438,200.73007202148438,877.6309814453125,198.9657440185547,868.2406005859375,200.1419677734375,,,863.9366455078125,208.179443359375,,,891.5209350585938,205.6309814453125,895.6292114257812,216.02090454101562,895.43359375,215.82485961914062,879.9785766601562,219.94161987304688,868.4362182617188,220.13766479492188,887.2169799804688,234.4483184814453,,,890.1514892578125,247.58273315429688,861.5890502929688,234.4483184814453
886.3557739257812,205.12466430664062,887.6968994140625,203.97032165527344,884.822998046875,203.97032165527344,873.1357421875,200.69967651367188,877.9255981445312,200.31491088867188,867.9627075195312,209.35723876953125,879.841552734375,208.010498046875,865.66357421875,220.515869140625,864.5140380859375,220.708251953125,897.6597900390625,219.16912841796875,893.6363525390625,222.0549774169922,882.9070434570312,226.0951690673828,887.6968994140625,224.94082641601562,891.7203979492188,238.40814208984375,892.8699340820312,241.2939910888672,892.6783447265625,265.34271240234375,892.295166015625,265.34271240234375
1649.2073974609375,291.39337158203125,1651.5546875,289.2596740722656,1649.2073974609375,289.0462951660156,1657.1029052734375,290.3265380859375,1656.0360107421875,290.5398864746094,1664.57177734375,304.1957702636719,1657.5296630859375,301.2085266113281,1653.2618408203125,328.306884765625,1647.500244140625,316.5713806152344,1643.0189208984375,333.2144775390625,1638.11083984375,330.44061279296875,1661.797607421875,335.7749328613281,1654.755615234375,335.56158447265625,,,,,,,,
1649.401611328125,290.8687744140625,1651.9561767578125,288.73223876953125,1649.401611328125,288.73223876953125,1657.2783203125,289.80047607421875,1663.6649169921875,289.58685302734375,1664.0906982421875,303.901611328125,1658.3427734375,300.91046142578125,1652.1690673828125,322.0621337890625,1648.762939453125,316.079833984375,1648.762939453125,331.8901672363281,1638.33154296875,331.4628601074219,1663.4520263671875,336.5905456542969,1654.9365234375,336.37689208984375,,,,,,,,
1649.529052734375,290.7728271484375,1652.090576171875,288.42095947265625,1649.529052734375,288.42095947265625,1657.4271240234375,289.70379638671875,1663.4039306640625,289.489990234375,1664.898193359375,304.02880859375,1658.0675048828125,300.82171630859375,1652.9444580078125,327.3336181640625,1648.6751708984375,316.2157287597656,1646.754150390625,332.25115966796875,1638.42919921875,331.39593505859375,1663.1904296875,336.7410888671875,1654.8656005859375,336.52728271484375,,,,,,,,
902.9176635742188,196.19403076171875,904.95654296875,194.33322143554688,901.0641479492188,194.1471405029297,906.81005859375,195.44970703125,898.0985107421875,195.07754516601562,910.7025146484375,205.12586975097656,894.5767822265625,204.93978881835938,912.5560302734375,220.19833374023438,,,911.9999389648438,229.13018798828125,911.4439086914062,227.82763671875,907.9221801757812,230.61883544921875,898.8399047851562,230.61883544921875,908.66357421875,247.92428588867188,908.66357421875,249.22683715820312,910.331787109375,264.8575439453125,911.0731811523438,269.13739013671875
904.4360961914062,198.7828826904297,906.0995483398438,196.74969482421875,903.1422729492188,196.74969482421875,908.8720092773438,197.48902893066406,900.3698120117188,197.11935424804688,911.2748413085938,208.39434814453125,895.7490234375,209.3185272216797,916.4500732421875,223.18121337890625,894.0855712890625,225.7689208984375,896.6732177734375,242.21929931640625,895.564208984375,242.0344696044922,911.0899658203125,230.57464599609375,900.1849975585938,232.05332946777344,,,910.5355224609375,251.46109008789062,,,916.2652587890625,269.205322265625
911.694580078125,235.287353515625,917.3436889648438,236.79556274414062,909.4349365234375,234.91030883789062,,,901.7144775390625,227.93490600585938,,,906.9869995117188,239.81195068359375,899.2665405273438,235.287353515625,899.8314208984375,235.47589111328125,919.4150390625,247.91848754882812,906.4220581054688,241.5086669921875,,,911.3179321289062,250.55783081054688,920.5448608398438,265.6397705078125,915.8372192382812,267.9020690917969,927.5120849609375,281.66436767578125,927.5120849609375,282.0413818359375
912.6466064453125,206.85060119628906,914.1507568359375,203.64215087890625,910.3904418945312,204.20834350585938,917.3470458984375,204.96328735351562,907.1941528320312,205.71820068359375,921.29541015625,217.41961669921875,906.0660400390625,217.98580932617188,926.183837890625,233.65057373046875,902.4937133789062,237.80270385742188,923.3635864257812,238.93508911132812,913.5867309570312,245.91818237304688,921.1073608398438,248.93789672851562,911.70654296875,249.88156127929688,,,916.406982421875,269.13226318359375,927.68798828125,281.5885925292969,927.4999389648438,281.5885925292969
922.7737426757812,208.57626342773438,924.4479370117188,206.1566162109375,920.7275390625,206.34274291992188,927.4242553710938,207.08724975585938,917.751220703125,208.76239013671875,933.7489624023438,218.6270751953125,916.0770263671875,219.74383544921875,937.8413696289062,231.6559295654297,910.1243896484375,244.31253051757812,938.95751953125,241.70675659179688,931.5167236328125,221.41897583007812,933.9349365234375,248.77957153320312,920.1694946289062,249.15182495117188,935.423095703125,267.5783386230469,921.0995483398438,270.9286193847656,943.9800415039062,272.4176025390625,927.2382202148438,280.23492431640625
926.6136474609375,210.44070434570312,928.4855346679688,208.38150024414062,924.5545654296875,208.38150024414062,931.2933959960938,208.56871032714844,921.1851196289062,209.8791046142578,936.160400390625,218.49032592773438,918.9387817382812,221.6727294921875,940.278564453125,231.78155517578125,912.761474609375,244.5111846923828,942.1505126953125,241.70318603515625,923.9929809570312,254.6199951171875,937.470703125,248.62960815429688,924.18017578125,250.50160217285156,939.7169799804688,266.2264404296875,924.18017578125,269.4088439941406,947.5790405273438,277.4584655761719,925.6776733398438,280.640869140625
937.6560668945312,213.28387451171875,939.527099609375,211.2247314453125,935.97216796875,211.2247314453125,941.9593505859375,211.78631591796875,933.1656494140625,212.16070556640625,943.8303833007812,224.51547241210938,929.4236450195312,224.51547241210938,956.5531616210938,231.8160400390625,923.062255859375,237.61903381347656,951.6885986328125,224.14108276367188,920.8170776367188,249.22503662109375,941.0238647460938,245.8555450439453,931.6688842773438,247.3531036376953,950.37890625,268.69317626953125,932.0430908203125,260.64385986328125,955.9918823242188,288.16131591796875,933.1656494140625,272.0626525878906
944.24609375,218.54452514648438,945.926025390625,216.67068481445312,942.7528076171875,216.8580780029297,939.57958984375,216.8580780029297,948.5392456054688,216.8580780029297,932.2999267578125,228.8505859375,951.5258178710938,226.9767608642578,927.44677734375,241.59262084960938,956.37890625,239.71881103515625,958.8055419921875,252.8356170654297,957.685546875,252.8356170654297,933.793212890625,253.77252197265625,945.7393798828125,252.64822387695312,936.4064331054688,266.5145568847656,954.5123291015625,264.828125,940.88623046875,278.6944580078125,959.9254760742188,284.6907043457031
949.678466796875,224.2086181640625,951.7237548828125,222.1610870361328,948.0050048828125,222.34722900390625,954.326904296875,221.04425048828125,944.8441162109375,221.2303924560547,957.48779296875,232.02642822265625,937.220703125,233.51553344726562,960.0909423828125,246.54522705078125,925.8785400390625,246.7313690185547,959.1612548828125,256.22442626953125,,,955.4425048828125,259.94720458984375,941.4972534179688,262.36700439453125,962.5081176757812,283.4006652832031,952.2816162109375,286.75115966796875,,,,
951.9976806640625,227.09918212890625,954.0420532226562,225.6107635498047,956.6441040039062,248.8672332763672,957.0158081054688,222.63392639160156,938.2442016601562,270.0771484375,,,,,,,964.2642211914062,251.099853515625,,,964.6359252929688,258.9140319824219,,,943.2623901367188,264.12347412109375,,,,,,,,
952.8629760742188,230.95111083984375,954.6973876953125,228.7456512451172,951.2119750976562,228.56185913085938,957.4490356445312,229.29701232910156,947.9099731445312,228.56185913085938,960.7509765625,239.22152709960938,942.7736206054688,238.670166015625,966.6212158203125,250.98391723632812,927.3643798828125,236.2809295654297,957.9993896484375,253.0055694580078,924.9796142578125,255.0272216796875,960.7509765625,264.0328063964844,946.809326171875,263.29766845703125,,,956.348388671875,279.1033630371094,,,965.8873901367188,284.98455810546875
952.4505615234375,233.54319763183594,954.4403686523438,231.00732421875,950.4608154296875,231.00732421875,957.3345947265625,231.00732421875,947.3856811523438,231.73187255859375,961.1332397460938,240.96963500976562,943.4061279296875,241.3319091796875,964.7510375976562,254.5546112060547,945.2150268554688,258.53955078125,963.4848022460938,265.78485107421875,952.4505615234375,274.84149169921875,958.239013671875,268.3207092285156,949.7372436523438,268.5018310546875,967.645263671875,283.173583984375,964.5701904296875,282.2679443359375,965.474609375,300.92462158203125,962.3994750976562,301.468017578125
952.898681640625,239.38519287109375,954.5402221679688,237.37705993652344,950.8923950195312,237.37705993652344,957.4584350585938,236.09915161132812,947.6094360351562,236.28170776367188,962.2005615234375,244.31427001953125,961.6533813476562,244.496826171875,,,,,,,940.8610229492188,249.42588806152344,963.842041015625,265.6735534667969,954.5402221679688,270.054931640625,961.6533813476562,287.94561767578125,966.9426879882812,289.4060974121094,961.8358154296875,306.74908447265625,968.584228515625,306.74908447265625
952.0228271484375,240.894287109375,954.029541015625,238.33831787109375,950.3809204101562,238.52088928222656,957.3132934570312,238.88601684570312,947.826904296875,239.25115966796875,963.8807983398438,249.29244995117188,946.3674926757812,250.7530059814453,975.73876953125,260.6117248535156,945.6377563476562,266.6365051269531,972.8198852539062,257.508056640625,945.0904541015625,279.05120849609375,970.0834350585938,279.2337646484375,959.50244140625,280.32916259765625,,,968.6239624023438,301.3246154785156,,,,
955.4892578125,250.40365600585938,957.3710327148438,248.3260955810547,953.04296875,248.5149688720703,960.9464111328125,248.13722229003906,950.2202758789062,248.70382690429688,971.296142578125,260.03594970703125,949.4675903320312,260.6025390625,982.963134765625,265.51312255859375,951.9138793945312,278.92279052734375,993.5010375976562,272.69012451171875,953.04296875,290.4437561035156,978.4468994140625,293.27679443359375,964.3336181640625,294.7877502441406,979.3877563476562,313.4857177734375,968.849853515625,314.05230712890625,,,979.7640991210938,329.35064697265625
956.3027954101562,252.3686065673828,958.440673828125,250.02700805664062,953.9705810546875,250.22215270996094,962.1333618164062,250.22215270996094,951.0552978515625,250.61241149902344,970.490478515625,260.56414794921875,950.2778930664062,264.27166748046875,987.7877807617188,264.4668273925781,949.11181640625,282.223876953125,1000.031982421875,274.22344970703125,956.4971313476562,294.126953125,978.84765625,291.98046875,964.076904296875,293.93182373046875,979.8193969726562,312.4693908691406,970.684814453125,313.64019775390625,,,980.9854736328125,330.42156982421875
962.607421875,256.52508544921875,964.5650634765625,253.97438049316406,960.2581787109375,254.36679077148438,967.3058471679688,253.97438049316406,956.7343139648438,254.95541381835938,972.983154296875,262.8037109375,954.5808715820312,268.49371337890625,987.2742309570312,261.43023681640625,952.035888671875,289.0954895019531,995.10498046875,261.62646484375,959.2793579101562,297.9248046875,979.8350219726562,292.23480224609375,966.1312255859375,295.5703125,981.0096435546875,318.1341552734375,970.8297119140625,321.0772705078125,,,982.3800048828125,334.41937255859375
964.616943359375,257.055419921875,966.3779907226562,254.89950561523438,962.2689208984375,255.0955047607422,969.3130493164062,254.31153869628906,959.3338623046875,255.29150390625,976.3571166992188,263.71917724609375,956.594482421875,269.59893798828125,991.0323486328125,258.6233825683594,952.8767700195312,290.1781921386719,986.140625,293.90203857421875,961.4862670898438,299.5858154296875,981.4445190429688,294.29400634765625,967.7476806640625,297.4299011230469,980.661865234375,317.0291748046875,970.87841796875,319.96905517578125,983.20556640625,336.0404357910156,980.4661865234375,329.7686767578125
971.0660400390625,262.2080993652344,973.3839111328125,259.4998474121094,968.9412841796875,259.69329833984375,977.0538940429688,259.11297607421875,966.4302368164062,259.8867492675781,983.0418090820312,268.7852783203125,961.79443359375,275.3624572753906,996.1765747070312,270.9132080078125,956.5791625976562,295.0939636230469,992.5065307617188,264.33599853515625,964.8849487304688,306.3138427734375,981.689697265625,303.0252685546875,967.7823486328125,304.1859436035156,984.7802124023438,319.6616516113281,977.0538940429688,322.17645263671875,,,,
975.6032104492188,267.7231750488281,977.86279296875,264.7076110839844,973.531982421875,264.8960876464844,981.2520751953125,264.8960876464844,970.8958740234375,265.83843994140625,985.5828857421875,277.5238037109375,966.941650390625,278.6546630859375,960.7279052734375,288.83221435546875,960.9161987304688,288.83221435546875,991.796630859375,273.94281005859375,,,987.2775268554688,308.0565490722656,984.8297119140625,304.0986022949219,989.3487548828125,337.83538818359375,,,,,973.1553955078125,317.857177734375
979.0142822265625,272.90008544921875,981.0433349609375,270.3121337890625,976.8007202148438,270.49700927734375,984.3636474609375,269.2030334472656,974.2182006835938,270.6818542480469,989.7130737304688,279.55474853515625,969.9755859375,283.25177001953125,992.4800415039062,295.6368408203125,963.1504516601562,302.2915344238281,991.1887817382812,306.72796630859375,967.2086181640625,314.6766052246094,988.6063232421875,317.819091796875,974.4027099609375,317.2645263671875,990.08203125,337.96795654296875,,,988.790771484375,368.2836608886719,,
980.9072265625,277.0613708496094,983.4579467773438,273.5940856933594,978.9031372070312,273.5940856933594,986.5552368164062,273.5940856933594,975.988037109375,274.6889953613281,991.1100463867188,287.4632263183594,971.797607421875,289.653076171875,993.1141967773438,302.9747314453125,964.1455078125,307.3544616699219,993.1141967773438,315.56646728515625,968.3359375,319.9461975097656,989.4703369140625,322.31854248046875,975.0770874023438,320.3111572265625,990.3812866210938,344.2171630859375,977.9921875,344.03466796875,988.9237670898438,366.11578369140625,,
982.8310546875,283.5580139160156,984.805419921875,280.68170166015625,980.4977416992188,281.0412292480469,988.395263671875,281.0412292480469,977.805419921875,281.9400939941406,993.4208984375,292.00726318359375,973.138671875,295.0633850097656,995.0363159179688,307.6473388671875,967.39501953125,312.50115966796875,995.9337768554688,321.66949462890625,969.9078979492188,322.9278564453125,990.36962890625,321.4897155761719,977.805419921875,321.66949462890625,992.1644897460938,345.0397033691406,979.77978515625,340.1859130859375,989.2926635742188,370.02789306640625,979.77978515625,356.7248229980469
983.6292724609375,287.254638671875,985.5899047851562,284.9349365234375,981.3121948242188,285.1133728027344,988.9764404296875,284.0427551269531,978.6386108398438,285.648681640625,994.8583984375,294.39215087890625,974.1826171875,298.85308837890625,998.6013793945312,310.6299743652344,970.9743041992188,314.73406982421875,1000.740234375,323.8343811035156,972.2219848632812,327.2247314453125,995.21484375,327.0462646484375,981.3121948242188,327.2247314453125,997.3536987304688,349.17254638671875,981.1339111328125,345.60382080078125,,,989.5111694335938,371.6557312011719
982.7265625,290.1552734375,984.8848876953125,287.4583740234375,980.7481689453125,287.63818359375,988.4820556640625,287.2785949707031,978.05029296875,288.5371398925781,995.1367797851562,298.0660705566406,974.453125,301.1225280761719,1004.1296997070312,312.4493408203125,971.2156372070312,317.84307861328125,1007.0074462890625,319.6409912109375,973.194091796875,341.93511962890625,989.5612182617188,338.33929443359375,977.5106811523438,326.4730529785156,,,,,,,,
982.423095703125,294.74664306640625,984.7777099609375,291.84686279296875,980.2496337890625,292.028076171875,988.4002075195312,291.484375,977.7138671875,292.93426513671875,994.5584106445312,303.26483154296875,975.1781616210938,306.5271301269531,1007.599365234375,314.32037353515625,971.1934204101562,320.6636962890625,1001.8034057617188,341.8685302734375,970.8311767578125,332.262939453125,992.2037963867188,335.52520751953125,979.343994140625,336.06890869140625,1000.3543701171875,354.91766357421875,986.2267456054688,358.3612060546875,1001.078857421875,367.7855529785156,984.234375,380.1097412109375
981.2296752929688,303.7637023925781,983.4451293945312,300.99151611328125,978.82958984375,301.17633056640625,987.3222045898438,301.17633056640625,976.244873046875,302.10040283203125,990.8300170898438,317.8095397949219,975.32177734375,317.2550964355469,,,,,986.0298461914062,324.6476135253906,974.7679443359375,327.7894592285156,,,,,,,,,986.0298461914062,365.8609924316406,,
981.3385620117188,307.62701416015625,983.5780029296875,303.88189697265625,978.9124755859375,304.25640869140625,987.8702392578125,304.81817626953125,976.673095703125,306.31622314453125,993.6553955078125,322.4200744628906,975.739990234375,321.85833740234375,997.3878173828125,340.396484375,976.4864501953125,345.2651062011719,986.0040283203125,329.3484802246094,975.5533447265625,331.0337829589844,992.7223510742188,357.4366149902344,984.6976928710938,356.6876220703125,,,,,,,986.3772583007812,406.1227111816406
,,978.7099609375,334.60113525390625,977.2146606445312,334.78857421875,982.4482421875,338.3500671386719,974.9717407226562,338.3500671386719,,,,,,,991.7939453125,340.59942626953125,989.9248046875,338.91241455078125,,,,,,,,,,,,,,
981.5573120117188,324.5171813964844,983.9826049804688,321.7065124511719,979.1320190429688,321.8938903808594,988.0869750976562,321.51910400390625,977.266357421875,322.4560241699219,,,,,,,990.5122680664062,342.8802795410156,989.206298828125,342.6929016113281,977.266357421875,345.1288146972656,,,,,,,,,,,990.5122680664062,421.0171203613281
982.3250122070312,334.9659729003906,984.5635375976562,332.34271240234375,979.89990234375,332.7174377441406,989.2271728515625,331.40582275390625,978.5941162109375,334.0290832519531,996.3158569335938,344.70953369140625,980.2730102539062,349.39398193359375,1001.3525390625,364.19671630859375,981.2057495117188,373.378173828125,1003.0314331054688,379.56158447265625,979.89990234375,358.3880310058594,997.6216430664062,386.681884765625,993.1445922851562,387.2440185546875,,,999.8601684570312,408.7923278808594,,,993.8907470703125,434.2755432128906
,,,,,,1009.5071411132812,473.8568115234375,1021.5394287109375,473.4801025390625,1000.10693359375,490.6183776855469,1028.49560546875,491.93670654296875,,,,,,,,,,,,,,,,,,,,
983.542724609375,344.6524353027344,985.5977172851562,342.2159423828125,981.3009033203125,342.5907897949219,991.0155029296875,340.7165832519531,979.8063354492188,342.96563720703125,997.55419921875,352.89892578125,982.0481567382812,356.6473388671875,1001.6642456054688,372.2032775878906,989.1473388671875,380.074951171875,990.4550170898438,360.3957824707031,981.1140747070312,364.51904296875,1001.4774169921875,388.1340637207031,992.8836669921875,390.38311767578125,,,1002.2246704101562,414.93524169921875,,,997.55419921875,441.7364196777344
983.878662109375,347.0932922363281,985.7454223632812,344.6565246582031,981.8251953125,345.0314025878906,991.1590576171875,343.71929931640625,980.8917846679688,346.5309753417969,997.1327514648438,354.2162170410156,982.0118408203125,357.21533203125,999.1862182617188,367.5247802734375,,,992.0924682617188,363.21356201171875,980.331787109375,362.2763366699219,998.2528076171875,378.58404541015625,,,987.0521850585938,390.95538330078125,,,991.90576171875,414.0111083984375,,
983.686279296875,347.1765441894531,985.5711059570312,344.7264404296875,981.613037109375,345.4803161621094,991.2254638671875,343.9725646972656,980.859130859375,346.9880676269531,998.3876342773438,355.84613037109375,981.047607421875,358.1077880859375,1001.21484375,368.85052490234375,981.047607421875,371.4891052246094,992.3563232421875,365.83502197265625,980.859130859375,366.02349853515625,,,986.1365356445312,382.60882568359375,,,,,,,,
983.985595703125,346.9364318847656,986.2738647460938,344.26007080078125,982.0787353515625,345.0247497558594,992.5665893554688,344.26007080078125,981.1253051757812,347.50994873046875,1001.7196044921875,358.2154235839844,983.0321655273438,359.5535888671875,1013.9237060546875,370.45025634765625,,,1026.5091552734375,381.729248046875,982.0787353515625,369.3032531738281,1001.3382568359375,392.0523681640625,990.087646484375,394.53759765625,,,1005.1520385742188,418.62493896484375,,,1000.5755004882812,442.5210876464844
984.2164916992188,345.33416748046875,986.498291015625,342.4681701660156,982.5051879882812,343.0413818359375,992.0125732421875,342.4681701660156,981.554443359375,344.37884521484375,998.2874755859375,354.3143310546875,980.0332641601562,358.13568115234375,,,,,,,979.4628295898438,376.6692199707031,,,,,,,,,,,,
1003.6854248046875,359.8014831542969,1005.4012451171875,357.1246337890625,1002.3509521484375,357.1246337890625,1008.4514770507812,356.93341064453125,1000.6351318359375,358.2718505859375,999.87255859375,355.40380859375,980.808349609375,356.93341064453125,,,,,1019.5087280273438,370.12646484375,989.7685546875,376.8185729980469,999.87255859375,388.290771484375,987.6714477539062,387.9083557128906,,,1005.97314453125,416.2064514160156,1002.3509521484375,440.4892578125,1002.1602783203125,440.4892578125
985.529541015625,338.880126953125,988.0128173828125,336.3981018066406,983.8103637695312,336.77996826171875,994.507568359375,336.77996826171875,982.4732055664062,337.7345886230469,1001.7664184570312,350.1446533203125,979.0347900390625,353.3903503417969,1008.6432495117188,355.87237548828125,976.551513671875,375.7284851074219,1016.857177734375,364.4639587402344,974.8323364257812,359.69085693359375,996.9908447265625,379.16510009765625,,,,,,,,,,
985.78857421875,337.83026123046875,988.65576171875,335.729736328125,984.6416625976562,335.729736328125,994.581298828125,336.3026123046875,983.3036499023438,336.68450927734375,1000.5068359375,349.28765869140625,979.28955078125,351.19720458984375,1008.1527709960938,354.4434814453125,974.3197021484375,371.24761962890625,1015.4163208007812,362.65460205078125,988.846923828125,378.6949462890625,995.5370483398438,379.07684326171875,981.5833129882812,380.0316162109375,,,,,,,,
987.8829345703125,336.885986328125,990.1605834960938,334.79571533203125,986.1746826171875,334.605712890625,996.8037109375,335.745849609375,984.65625,336.31591796875,1000.9793701171875,349.80755615234375,979.1519775390625,351.51776123046875,1003.44677734375,366.90966796875,974.2171020507812,371.6602478027344,1013.3165893554688,365.76953125,988.2625122070312,380.2113037109375,998.5119018554688,383.8217468261719,984.4664306640625,386.86212158203125,1007.2428588867188,400.7337951660156,993.38720703125,408.5247802734375,1008.19189453125,431.32757568359375,995.2852783203125,435.88812255859375
987.7675170898438,338.2786865234375,990.6090698242188,335.2392272949219,986.2520141601562,335.04925537109375,996.6710815429688,336.1890563964844,984.7365112304688,336.5690002441406,1001.0281372070312,350.6264343261719,979.2428588867188,351.19635009765625,1003.3013916015625,368.293212890625,974.3174438476562,371.7126159667969,1004.0591430664062,383.11053466796875,988.3358154296875,383.680419921875,998.5654296875,383.87042236328125,983.7893676757812,387.66973876953125,1007.0901489257812,399.0676574707031,992.1245727539062,409.13580322265625,1009.1739501953125,416.73443603515625,992.69287109375,435.541015625
987.643310546875,341.21343994140625,990.5208740234375,338.9069519042969,986.3004760742188,338.7147216796875,996.6595458984375,339.86798095703125,984.573974609375,339.86798095703125,1001.8390502929688,354.09136962890625,978.6271362304688,354.2835998535156,1012.9654541015625,372.35113525390625,973.4476318359375,375.6186828613281,1006.251220703125,380.6160888671875,985.34130859375,387.727783203125,998.3860473632812,387.53558349609375,981.504638671875,387.53558349609375,1005.48388671875,415.59796142578125,983.6148071289062,411.369384765625,1017.953125,434.0499267578125,983.806640625,434.4343566894531
987.5590209960938,343.6239318847656,990.0927124023438,341.6748352050781,985.804931640625,341.6748352050781,995.5499267578125,343.0391845703125,984.05078125,343.2341003417969,1001.2020263671875,357.6573791503906,978.0089111328125,357.46246337890625,1003.7357177734375,377.1483154296875,972.1619262695312,379.29229736328125,1004.1255493164062,387.4784851074219,983.4661254882812,391.7664794921875,999.2530517578125,390.20721435546875,980.5426025390625,389.6224670410156,1004.710205078125,418.0791931152344,978.0089111328125,412.0370178222656,1021.2767333984375,436.20574951171875,978.5936279296875,435.81591796875
984.8450317382812,346.55010986328125,987.6405029296875,344.35089111328125,983.4473266601562,344.1509704589844,993.2313842773438,346.1502380371094,981.6502685546875,345.7503967285156,997.6242065429688,359.745361328125,975.4603271484375,360.7449951171875,1006.0105590820312,372.94061279296875,969.0707397460938,380.53790283203125,1003.0154418945312,386.3358154296875,979.054443359375,393.533203125,995.8271484375,389.7345886230469,979.254150390625,390.93414306640625,1004.0138549804688,405.92877197265625,972.0658569335938,408.3279113769531,,,972.0658569335938,433.51885986328125
980.6901245117188,348.1661376953125,983.5712280273438,345.899169921875,979.0438232421875,345.6930847167969,989.1276245117188,347.341796875,977.1917114257812,347.341796875,995.0955810546875,362.1800842285156,971.4295043945312,361.76788330078125,1001.4751586914062,380.3157653808594,966.9020385742188,380.7279357910156,997.7709350585938,388.1470947265625,971.841064453125,392.6809997558594,992.4202880859375,394.3297119140625,976.5743408203125,393.71142578125,,,961.5514526367188,412.2593078613281,,,963.4036254882812,432.043701171875
975.1203002929688,347.1205139160156,977.8922119140625,344.98291015625,973.8409423828125,344.5553894042969,983.4361572265625,346.05169677734375,972.5615234375,346.05169677734375,988.34033203125,361.65618896484375,967.2308959960938,359.94610595703125,998.5752563476562,375.3367919921875,960.4075927734375,381.53582763671875,991.1123046875,367.6414489746094,962.1134033203125,372.55792236328125,989.6197509765625,393.078857421875,973.8409423828125,393.2926330566406,1002.83984375,412.531005859375,958.0620727539062,409.75213623046875,,,962.32666015625,437.9684143066406
968.5807495117188,344.35040283203125,971.4351196289062,342.3699645996094,966.82421875,342.1499328613281,976.92431640625,343.9102783203125,965.0676879882812,343.0301208496094,981.315673828125,359.31353759765625,959.3589477539062,357.3330993652344,989.6591796875,377.7973937988281,955.1871337890625,378.0174560546875,989.4396362304688,394.7409362792969,956.9437255859375,365.9149169921875,982.8526000976562,391.22021484375,967.48291015625,392.54046630859375,998.6614379882812,421.146484375,953.6502075195312,411.6844787597656,,,959.798095703125,435.22943115234375
961.4468383789062,343.4775390625,963.65673828125,341.2647399902344,959.678955078125,341.04345703125,969.181396484375,343.0350036621094,957.9110717773438,342.1498718261719,973.1591796875,356.75439453125,953.04931640625,356.31182861328125,984.2085571289062,373.79302978515625,949.2925415039062,376.22711181640625,986.1974487304688,386.1847229003906,954.5962524414062,390.3890686035156,975.1480712890625,391.05291748046875,958.7949829101562,392.3805847167969,987.7443237304688,423.35986328125,947.74560546875,415.8363342285156,987.96533203125,422.9173278808594,956.3641357421875,433.98138427734375
953.0306396484375,343.5653381347656,956.0626220703125,340.9545593261719,952.1643676757812,340.73699951171875,962.1265869140625,342.695068359375,950.6483764648438,341.8248291015625,968.4071044921875,358.1422424316406,947.1832885742188,355.9665832519531,974.2545166015625,370.10833740234375,945.8838500976562,375.5474853515625,965.8082885742188,365.10430908203125,948.049560546875,389.25408935546875,964.5088500976562,392.517578125,949.5655517578125,392.517578125,939.8198852539062,413.1863098144531,940.0364990234375,412.96875,,,,
942.7127075195312,345.70001220703125,945.636962890625,342.56964111328125,941.2506103515625,342.7783203125,952.5299072265625,344.2391662597656,940.4151000976562,344.4478454589844,959.0050048828125,359.8910217285156,939.997314453125,357.8041076660156,969.2399291992188,382.4297180175781,936.237548828125,377.0037536621094,947.3079833984375,390.7773742675781,935.81982421875,390.986083984375,958.5872802734375,396.203369140625,942.921630859375,395.99468994140625,956.7073974609375,419.7855224609375,931.4334106445312,412.69000244140625,,,942.921630859375,428.96795654296875
952.7033081054688,371.8522033691406,954.7212524414062,369.42352294921875,952.2996826171875,369.6258850097656,959.7660522460938,369.22113037109375,952.097900390625,369.42352294921875,961.5822143554688,368.00677490234375,951.8961181640625,381.1622314453125,965.6180419921875,382.3765869140625,,,964.609130859375,401.8062438964844,939.9903564453125,394.3177490234375,956.3355712890625,401.6038513183594,949.474609375,399.3775329589844,950.4835815429688,418.80718994140625,,,939.5867309570312,428.11724853515625,,
930.103271484375,349.6666259765625,933.314697265625,346.6492614746094,929.3004150390625,346.8504333496094,940.5404052734375,348.66082763671875,928.6983032226562,348.86199951171875,945.7589721679688,362.3394775390625,929.3004150390625,360.730224609375,946.9632568359375,379.8400573730469,927.4940185546875,379.2366027832031,941.5440063476562,394.1221618652344,926.0889892578125,394.52447509765625,945.1568603515625,397.54180908203125,932.5118408203125,395.5302429199219,940.5404052734375,419.87017822265625,919.2647705078125,413.43316650390625,,,928.49755859375,428.1175537109375
927.6483764648438,350.61065673828125,930.4215087890625,348.03021240234375,926.657958984375,348.22869873046875,937.5524291992188,350.61065673828125,925.6675415039062,349.6181945800781,954.7855224609375,387.92816162109375,926.4598999023438,362.322021484375,958.3510131835938,396.26507568359375,925.0733032226562,381.7747497558594,937.15625,394.28009033203125,923.092529296875,396.0665588378906,944.683349609375,403.6094665527344,933.5908203125,399.4410400390625,934.18505859375,422.2682189941406,913.9807739257812,412.7403564453125,936.7601318359375,438.34649658203125,,
935.3224487304688,379.91278076171875,937.4867553710938,377.9419250488281,933.5516967773438,377.9419250488281,942.208740234375,378.3360900878906,931.5841674804688,377.9419250488281,946.3405151367188,388.3874206542969,934.3387451171875,387.0078125,947.5210571289062,402.9716796875,917.4180908203125,394.69415283203125,927.2556762695312,397.4533386230469,922.14013671875,396.07373046875,935.9127197265625,406.91339111328125,925.4849243164062,402.5775451660156,922.14013671875,423.66558837890625,905.613037109375,414.5997009277344,,,905.613037109375,431.3519287109375
926.8717651367188,379.864013671875,927.8584594726562,378.0868225097656,924.1090087890625,378.2843017578125,934.17333984375,378.0868225097656,919.767578125,380.25897216796875,939.30419921875,386.9728698730469,,,940.6856079101562,399.61083984375,912.0712890625,392.699462890625,931.2132568359375,406.71966552734375,910.68994140625,393.88427734375,934.17333984375,405.33740234375,918.58349609375,404.152587890625,916.4127807617188,419.5550842285156,901.4149169921875,415.0133361816406,,,902.5989379882812,433.37786865234375
912.0048828125,355.89642333984375,922.24267578125,376.2349548339844,917.7144775390625,376.6298828125,921.25830078125,355.89642333984375,912.0048828125,375.4450988769531,928.9366455078125,373.66796875,,,939.9619140625,399.9302978515625,911.2174072265625,388.28009033203125,926.9678344726562,402.69476318359375,896.8450927734375,387.6877136230469,930.5116577148438,407.23638916015625,919.880126953125,406.0516357421875,907.6735229492188,421.45361328125,898.420166015625,418.49169921875,919.2894897460938,437.25048828125,899.9952392578125,436.06573486328125
910.4439697265625,376.51019287109375,913.2601318359375,374.4983825683594,911.4497680664062,374.4983825683594,921.50732421875,375.1019287109375,,,923.3176879882812,370.67596435546875,912.4555053710938,367.25592041015625,936.9960327148438,396.2257995605469,915.4727783203125,391.7998352050781,923.5188598632812,403.66943359375,912.8577880859375,401.45648193359375,930.9614868164062,403.46826171875,920.5015869140625,403.26708984375,903.0013427734375,421.775634765625,895.1564331054688,419.76385498046875,915.2716064453125,438.27239990234375,899.380615234375,441.89361572265625
910.7520751953125,349.6197814941406,913.8171997070312,345.5269470214844,909.7303466796875,345.5269470214844,918.92578125,350.23370361328125,909.7303466796875,361.48907470703125,918.92578125,367.62835693359375,911.5694580078125,369.06085205078125,896.8567504882812,374.1769104003906,896.4480590820312,374.1769104003906,879.487548828125,367.62835693359375,914.6345825195312,399.7572326660156,925.8734130859375,404.25933837890625,933.8428344726562,404.4639892578125,901.352294921875,421.858642578125,892.9742431640625,421.858642578125,908.7086181640625,440.2764587402344,903.8043823242188,440.2764587402344
909.9061889648438,346.918212890625,913.052001953125,342.9281921386719,909.2770385742188,342.9281921386719,918.5047607421875,348.17822265625,919.5533447265625,348.38824462890625,912.213134765625,362.6683654785156,908.0187377929688,362.6683654785156,887.8855590820312,360.1483459472656,887.8855590820312,360.1483459472656,918.5047607421875,402.98876953125,912.84228515625,399.2087097167969,921.0213623046875,403.1987609863281,930.6685180664062,403.1987609863281,898.791015625,423.35894775390625,891.4508056640625,422.5189514160156,908.6478881835938,442.2591247558594,902.1465454101562,438.4790954589844
904.9805297851562,350.4244384765625,906.4668579101562,348.087158203125,,,908.5902709960938,346.59979248046875,919.4195556640625,346.59979248046875,915.1727905273438,360.19854736328125,,,,,,,914.96044921875,406.51934814453125,910.5013427734375,398.23260498046875,920.9058837890625,400.994873046875,,,897.1239624023438,424.792724609375,891.3908081054688,422.66790771484375,908.8026123046875,441.7911682128906,900.30908203125,437.54156494140625
912.4329833984375,337.92218017578125,899.4005737304688,354.5806884765625,911.151123046875,334.7186279296875,920.5515747070312,338.56292724609375,920.7651977539062,338.7764892578125,,,,,921.4061279296875,392.3826904296875,,,914.1422119140625,410.1090393066406,908.3737182617188,394.9455261230469,,,,,899.4005737304688,425.0589599609375,922.2607421875,394.51837158203125,,,,
904.6547241210938,342.97589111328125,904.6547241210938,340.21685791015625,912.4994506835938,325.78509521484375,912.4994506835938,327.2707214355469,921.8282470703125,329.8175048828125,,,921.6162719726562,342.33917236328125,909.5311889648438,371.83941650390625,,,904.8667602539062,386.4834289550781,,,910.59130859375,383.51220703125,920.55615234375,384.1488952636719,905.290771484375,425.53411865234375,902.322509765625,423.1995849609375,909.7431640625,435.9334716796875,,
895.724365234375,332.3503723144531,895.9327392578125,329.43096923828125,895.3077392578125,329.6394958496094,905.3074340820312,329.8480224609375,906.557373046875,329.6394958496094,,,920.5153198242188,338.8148193359375,907.807373046875,367.5919494628906,,,903.4324951171875,384.0658264160156,894.89111328125,324.0091857910156,909.890625,379.68670654296875,918.2236938476562,379.06109619140625,907.182373046875,407.212646484375,901.9741821289062,407.212646484375,913.8488159179688,435.98980712890625,903.84912109375,427.2315368652344
910.6600341796875,329.1941833496094,918.5965576171875,320.5874938964844,903.5589599609375,324.785888671875,924.6533813476562,328.9842529296875,902.5146484375,327.0950012207031,,,905.4385986328125,342.20916748046875,,,,,,,,,,,899.1729736328125,386.29217529296875,,,,,,,,
928.0289916992188,329.59271240234375,917.6211547851562,316.2181091308594,928.0289916992188,323.4361572265625,928.0289916992188,321.10089111328125,926.3297119140625,321.10089111328125,,,,,920.3824462890625,338.5091247558594,,,906.576171875,328.9558410644531,898.7172241210938,310.48614501953125,,,,,,,901.4784545898438,382.0296630859375,915.0723266601562,425.55023193359375,915.7095336914062,425.55023193359375
912.5086669921875,312.68402099609375,913.5947875976562,311.162109375,898.8239135742188,312.24920654296875,914.2464599609375,312.68402099609375,900.5616455078125,313.5537109375,910.9881591796875,324.4244384765625,899.9100341796875,324.2070007324219,907.9470825195312,341.16534423828125,908.5987548828125,341.16534423828125,898.606689453125,329.6423645019531,918.8080444335938,335.5125732421875,911.6398315429688,354.4276428222656,900.127197265625,357.471435546875,,,905.5576782226562,387.0398254394531,,,910.9881591796875,422.0435791015625
898.0985717773438,315.046630859375,900.8565063476562,313.347412109375,898.3107299804688,313.772216796875,909.97900390625,311.2233581542969,898.0985717773438,314.197021484375,914.6463623046875,320.9939880371094,900.2200927734375,321.8436279296875,902.97802734375,339.0484619140625,902.3416137695312,338.1988525390625,886.4302368164062,332.2514953613281,891.0975952148438,305.4884033203125,910.615478515625,352.64239501953125,898.0985717773438,349.8811340332031,905.7360229492188,382.166748046875,901.2808227539062,382.166748046875,,,907.8575439453125,418.27569580078125
912.374755859375,309.20947265625,914.6761474609375,306.47930908203125,912.374755859375,306.2693176269531,913.211669921875,305.84930419921875,924.5093383789062,308.36944580078125,,,,,896.6835327148438,338.19110107421875,922.6264038085938,330.63067626953125,878.9000854492188,335.67095947265625,878.6908569335938,334.62091064453125,909.6549682617188,351.0018310546875,911.3286743164062,346.80157470703125,905.6798095703125,391.1140441894531,899.82177734375,387.9638671875,,,904.424560546875,423.4558410644531
912.214111328125,311.99822998046875,915.1104125976562,309.50738525390625,912.214111328125,308.261962890625,921.3167724609375,313.0361022949219,897.31884765625,316.7723693847656,913.2484741210938,324.4525146484375,898.5601196289062,326.943359375,,,,,896.6981811523438,345.83233642578125,890.2849731445312,346.24749755859375,908.904052734375,364.7213134765625,895.663818359375,365.136474609375,905.1802368164062,391.29046630859375,896.0775756835938,390.0450134277344,904.3527221679688,422.2185363769531,897.5256958007812,415.7838134765625
911.2206420898438,313.6938781738281,912.236083984375,312.2674560546875,897.6130981445312,322.659912109375,916.2980346679688,314.1014404296875,895.3790283203125,323.0674743652344,915.0794677734375,328.3656005859375,893.3480834960938,330.1995544433594,917.1104125976562,354.244873046875,,,919.1414184570312,341.4071044921875,918.5321044921875,342.0184326171875,909.5958251953125,367.2864074707031,897.2069091796875,366.4713134765625,899.84716796875,392.7581481933594,892.5357055664062,390.51666259765625,899.2379150390625,418.8412170410156,891.7233276367188,419.65631103515625
913.852783203125,317.8686828613281,916.8695068359375,315.6557312011719,912.4449462890625,315.05218505859375,921.6963500976562,317.6675109863281,909.0259399414062,315.8569030761719,925.1152954101562,331.1464538574219,890.9254760742188,338.3888854980469,920.891845703125,350.8619384765625,885.4953002929688,354.483154296875,900.1768188476562,348.85015869140625,883.2830200195312,368.5656433105469,910.6348876953125,365.9503173828125,891.9310302734375,368.968017578125,908.2214965820312,390.49407958984375,889.5176391601562,391.90234375,906.612548828125,414.836669921875,887.104248046875,412.2213439941406
913.4325561523438,316.9865417480469,916.4324340820312,314.9893798828125,913.4325561523438,314.7896728515625,922.4321899414062,316.9865417480469,923.43212890625,316.58709716796875,925.2320556640625,331.1663818359375,904.6329345703125,328.769775390625,,,883.23388671875,358.1280212402344,,,883.0338745117188,368.51324462890625,909.4327392578125,369.7115478515625,909.2327270507812,369.7115478515625,907.8328247070312,396.8729248046875,888.6336669921875,394.8757629394531,906.2328491210938,424.6334228515625,883.433837890625,425.0328674316406
912.3015747070312,325.508056640625,915.9610595703125,323.6768798828125,912.0982666015625,322.863037109375,922.2635498046875,325.3045959472656,910.6751098632812,323.4734191894531,922.2635498046875,338.3263244628906,901.5263061523438,335.4778137207031,,,881.8055419921875,357.6554260253906,929.9891967773438,340.1575012207031,924.0933227539062,345.0406494140625,909.251953125,367.82867431640625,892.9874267578125,359.8935546875,908.438720703125,396.51715087890625,888.718017578125,396.51715087890625,906.6089477539062,427.4437255859375,882.212158203125,420.1190185546875
912.66650390625,335.4129638671875,915.6044311523438,333.3154296875,911.8270874023438,332.2666320800781,921.4802856445312,334.1544189453125,910.5679931640625,332.8959045410156,925.0477905273438,347.7884521484375,901.33447265625,343.5933837890625,933.44189453125,362.8907775878906,883.916748046875,354.92010498046875,933.0221557617188,380.3004150390625,882.6575927734375,383.0272216796875,906.7906494140625,385.54425048828125,889.582763671875,385.7540283203125,906.5807495117188,411.1343078613281,885.805419921875,409.666015625,905.7413330078125,432.9487609863281,881.3984985351562,432.9487609863281
912.6363525390625,340.58880615234375,915.8517456054688,337.57952880859375,905.1336669921875,347.2521667480469,922.4969482421875,337.149658203125,898.0597534179688,346.6073303222656,914.5655517578125,357.1397399902344,888.8422241210938,354.9902648925781,934.5011596679688,367.4571838378906,883.2688598632812,369.3917236328125,931.0714111328125,359.0742492675781,884.3406982421875,387.447265625,906.4198608398438,389.1668701171875,888.8422241210938,388.951904296875,905.9911499023438,413.67083740234375,886.2698974609375,413.2409362792969,905.1336669921875,435.16552734375,882.4114379882812,433.8758544921875
910.99462890625,350.9061279296875,914.1775512695312,348.14398193359375,910.7824096679688,347.71905517578125,921.6044921875,351.11859130859375,909.721435546875,348.3564453125,920.331298828125,365.7791748046875,894.23095703125,360.892333984375,929.24365234375,375.55291748046875,884.4698486328125,363.65447998046875,928.3948364257812,367.9039001464844,894.23095703125,358.7676086425781,906.5384521484375,399.7747497558594,888.0772094726562,399.34979248046875,905.2652587890625,422.50927734375,887.65283203125,423.5716552734375,903.143310546875,437.38232421875,884.2576904296875,441.4193115234375
910.6550903320312,355.6383056640625,913.5910034179688,353.32916259765625,910.4454345703125,352.9093322753906,920.5113525390625,354.7986145019531,909.6065673828125,352.9093322753906,917.78515625,370.54266357421875,888.4261474609375,370.9624938964844,926.8025512695312,377.0501708984375,883.1834716796875,390.275146484375,926.3831176757812,370.9624938964844,890.1038208007812,366.7640686035156,906.4609375,404.5497131347656,888.8455810546875,403.9199523925781,906.670654296875,434.56829833984375,887.7970581054688,434.56829833984375,906.4609375,439.396484375,,
909.588623046875,364.7451171875,912.735595703125,362.8560791015625,909.3788452148438,361.80657958984375,918.8197021484375,364.3253173828125,908.7494506835938,362.0164794921875,921.9666137695312,378.80810546875,892.3853759765625,373.7706298828125,916.9315185546875,396.64923095703125,878.7485961914062,394.1304626464844,916.9315185546875,411.1319885253906,885.2522583007812,410.9220886230469,911.2670288085938,414.4903259277344,893.2245483398438,415.539794921875,912.9453735351562,438.20849609375,,,912.5257568359375,438.20849609375,,
909.3382568359375,365.97833251953125,912.0324096679688,363.4899597167969,908.7164916992188,363.2825927734375,919.0787353515625,365.14886474609375,907.6802978515625,363.4899597167969,922.8091430664062,378.62750244140625,899.3905029296875,375.3096618652344,921.1511840820312,394.80181884765625,,,915.9700927734375,408.07305908203125,893.3804321289062,372.61395263671875,910.167236328125,402.681640625,895.2456665039062,402.4742736816406,914.3121337890625,414.91607666015625,,,,,,
909.6217041015625,363.368896484375,912.314208984375,361.08880615234375,908.5861206054688,360.67425537109375,918.7347412109375,363.16162109375,906.92919921875,361.2961120605469,922.462890625,377.04937744140625,898.8516845703125,371.66009521484375,924.1198120117188,397.3628234863281,887.4603271484375,385.13330078125,918.320556640625,411.8724365234375,888.7030029296875,412.9088134765625,912.7283935546875,406.897705078125,898.2303466796875,403.1666564941406,910.4501342773438,439.855224609375,892.8453369140625,436.74603271484375,,,,
910.3221435546875,359.1770324707031,912.9774169921875,357.5371398925781,909.5051879882812,356.7171936035156,919.1048583984375,359.1770324707031,908.4839477539062,356.92218017578125,922.7813720703125,371.06634521484375,901.7437133789062,367.3765869140625,925.8450927734375,397.9197998046875,892.9609985351562,381.11077880859375,915.6326293945312,411.0390625,895.0034790039062,389.310302734375,914.4071655273438,400.99462890625,902.3564453125,396.4848937988281,912.773193359375,424.77325439453125,895.207763671875,399.76470947265625,,,892.3482666015625,436.66259765625
911.8291625976562,354.990966796875,914.0477905273438,352.9649658203125,910.417236328125,352.55975341796875,921.1072387695312,353.7753601074219,909.00537109375,352.9649658203125,905.173095703125,363.90533447265625,905.173095703125,363.90533447265625,928.5700073242188,384.1653137207031,900.5340576171875,379.7081298828125,928.3683471679688,395.5108947753906,897.5086059570312,387.001708984375,919.49365234375,399.36029052734375,905.3748168945312,397.33428955078125,915.661376953125,420.6332702636719,914.451171875,421.2410583496094,892.0628051757812,440.2854309082031,912.4342041015625,440.2854309082031
,,,,,,899.592529296875,398.3987731933594,,,898.58642578125,402.0201110839844,905.6293334960938,401.61773681640625,,,910.8612060546875,411.073486328125,,,908.2452392578125,417.712646484375,896.9765625,416.70672607421875,903.8182983398438,417.5114440917969,899.1900634765625,429.5826416015625,896.9765625,428.17431640625,893.1532592773438,438.233642578125,892.9520263671875,438.233642578125
913.8248901367188,347.6642150878906,916.201171875,345.27935791015625,913.0327758789062,345.27935791015625,923.3299560546875,346.0743103027344,912.438720703125,345.8755798339844,926.6964111328125,362.1720275878906,914.8150024414062,360.1846618652344,919.5675659179688,382.8407287597656,,,911.0525512695312,391.5851745605469,,,926.6964111328125,396.5536193847656,918.9735107421875,396.7523498535156,906.2999877929688,401.12457275390625,900.5573120117188,417.8185119628906,,,894.8146362304688,443.8531188964844
915.4057006835938,345.86993408203125,917.532470703125,342.9632568359375,915.2123413085938,342.9632568359375,924.8794555664062,343.9321594238281,915.2123413085938,343.9321594238281,928.939697265625,360.20947265625,917.145751953125,358.65924072265625,931.646484375,388.8885498046875,,,909.21875,390.6325378417969,914.63232421875,386.1756591796875,928.1663208007812,391.9889831542969,917.145751953125,387.919677734375,,,,,,,,
