nose_x,nose_y,left_eye_x,left_eye_y,right_eye_x,right_eye_y,left_ear_x,left_ear_y,right_ear_x,right_ear_y,left_shoulder_x,left_shoulder_y,right_shoulder_x,right_shoulder_y,left_elbow_x,left_elbow_y,right_elbow_x,right_elbow_y,left_wrist_x,left_wrist_y,right_wrist_x,right_wrist_y,left_hip_x,left_hip_y,right_hip_x,right_hip_y,left_knee_x,left_knee_y,right_knee_x,right_knee_y,left_ankle_x,left_ankle_y,right_ankle_x,right_ankle_y
,,512.9407958984375,754.4986572265625,,,499.76531982421875,759.1709594726562,517.05810546875,757.7967529296875,489.6092529296875,784.7311401367188,526.6652221679688,786.1053466796875,501.686767578125,804.2448120117188,532.4295043945312,807.5429077148438,,,531.8805541992188,788.0292358398438,492.3541259765625,842.9973754882812,518.705078125,844.6463623046875,478.62969970703125,872.68017578125,543.6835327148438,879.00146484375,457.7685546875,902.3629150390625,549.996826171875,933.1450805664062
508.2413330078125,753.8325805664062,514.0615844726562,751.8914794921875,,,501.3125,757.7146606445312,518.2188720703125,754.9417114257812,489.3949279785156,782.6710815429688,526.533447265625,783.5029296875,490.5035400390625,804.8545532226562,533.7394409179688,806.240966796875,,,532.0765380859375,786.27587890625,494.6608581542969,840.07080078125,520.158935546875,841.457275390625,478.03167724609375,876.118896484375,545.3798828125,876.396240234375,458.35382080078125,904.9573974609375,552.031494140625,929.3592529296875
,,,,,,504.0693359375,754.8442993164062,521.6273803710938,751.8186645507812,494.74163818359375,779.8741455078125,532.3267822265625,779.8741455078125,495.29034423828125,801.0533447265625,537.539306640625,806.0042724609375,,,537.8136596679688,783.4498901367188,498.58245849609375,837.635498046875,523.8221435546875,835.43505859375,484.5909118652344,872.0172119140625,551.2564697265625,867.891357421875,461.2716979980469,902.8232421875,558.1151123046875,921.52685546875
540.4930419921875,778.70703125,,,,,505.2095947265625,753.5775146484375,523.1270141601562,750.5398559570312,496.11309814453125,779.2593383789062,533.87744140625,779.5355224609375,494.45916748046875,798.5897216796875,539.6661376953125,812.1210327148438,,,538.287841796875,820.1293334960938,498.8695983886719,837.2505493164062,525.3322143554688,836.6983032226562,486.1896057128906,871.7691650390625,553.173095703125,867.626953125,466.6182861328125,899.384033203125,561.442626953125,918.162109375
,,,,,,510.25341796875,755.3953247070312,527.755615234375,754.5487060546875,499.80853271484375,780.2293701171875,536.7890625,781.0759887695312,513.0763549804688,801.3947143554688,543.5640869140625,815.2227172851562,,,544.4110107421875,784.46240234375,503.4783630371094,838.9279174804688,529.1671142578125,837.2346801757812,494.72723388671875,867.7127685546875,555.7027587890625,867.7127685546875,474.402099609375,898.7553100585938,576.592529296875,920.7672729492188
522.84423828125,756.7838134765625,527.6390991210938,752.8294677734375,517.767333984375,753.3944091796875,513.2545166015625,757.6311645507812,531.869873046875,755.6539916992188,505.0750732421875,783.3343505859375,540.0493774414062,784.7466430664062,516.9212036132812,804.518310546875,548.5108642578125,801.4113159179688,539.4852294921875,783.6168212890625,546.8185424804688,827.9618530273438,505.9212341308594,839.8248901367188,531.869873046875,838.695068359375,499.9981689453125,868.635009765625,559.228759765625,871.7420654296875,478.56231689453125,899.9873046875,585.7415771484375,920.0414428710938
,,,,,,519.3897094726562,762.7908325195312,536.9116821289062,762.7908325195312,509.3360900878906,787.5042114257812,544.95458984375,790.95263671875,515.0809936523438,811.6428833007812,550.9867553710938,817.6775512695312,,,549.550537109375,838.3677978515625,509.6233215332031,845.2645874023438,534.6137084960938,845.5519409179688,500.71868896484375,872.5642700195312,563.3383178710938,871.7021484375,478.88800048828125,903.02490234375,590.626708984375,917.1058349609375
564.2788696289062,857.103515625,,,,,526.244384765625,767.8970947265625,543.5327758789062,767.8970947265625,516.159423828125,789.8378295898438,549.583740234375,796.477783203125,513.8543090820312,817.8411254882812,554.4821166992188,830.2550048828125,507.5152587890625,851.0408935546875,559.0923461914062,851.0408935546875,514.1424560546875,847.8652954101562,540.3632202148438,848.7313842773438,502.6168518066406,875.8685913085938,569.17724609375,871.24951171875,476.3961181640625,907.6249389648438,,
,,,,,,535.0983276367188,771.1347045898438,552.1793823242188,769.9755249023438,526.9920654296875,792.2890014648438,553.33740234375,798.9540405273438,527.860595703125,822.4266357421875,532.7822265625,825.324462890625,532.4927368164062,852.85400390625,557.3905639648438,845.899169921875,519.7542724609375,849.0868530273438,544.652099609375,851.9846801757812,507.8843994140625,875.7470703125,581.7093505859375,871.9798583984375,482.1180419921875,904.435791015625,594.1583251953125,919.5045776367188
563.166015625,768.1038818359375,570.1796264648438,818.4219970703125,564.91943359375,819.0071411132812,546.5087280273438,768.3964233398438,563.166015625,768.68896484375,538.91064453125,791.215087890625,563.166015625,797.9437255859375,,,569.5951538085938,835.974853515625,,,,,528.9747314453125,849.724609375,552.9378662109375,850.0171508789062,512.3174438476562,877.8091430664062,591.5126342773438,867.862548828125,,,591.8048706054688,919.93603515625
576.7734375,819.08251953125,580.0134887695312,814.0709838867188,573.5333251953125,814.3657836914062,561.4567260742188,769.8510131835938,576.184326171875,770.1458129882812,556.743896484375,789.6026000976562,573.5333251953125,793.4349975585938,,,,,,,,,541.1326293945312,847.6781005859375,560.5730590820312,849.4468994140625,519.6303100585938,879.5164794921875,600.04296875,864.1868896484375,,,592.3846435546875,916.9559936523438
582.62744140625,828.327880859375,,,586.2110595703125,811.6151733398438,575.7587890625,766.8489990234375,590.0933837890625,766.5505981445312,571.279296875,785.94921875,577.2520141601562,788.038330078125,,,567.9942626953125,816.6886596679688,,,588.0029296875,811.9136352539062,570.9806518554688,849.5172119140625,560.8270263671875,844.145263671875,531.5606689453125,878.764404296875,610.9978637695312,869.5126953125,,,592.482421875,917.8601684570312
604.7717895507812,817.189453125,607.1895141601562,813.257080078125,607.1895141601562,808.11474609375,597.5186767578125,762.7412109375,611.7227172851562,763.043701171875,,,599.6341552734375,782.403076171875,,,586.638916015625,807.812255859375,602.0518798828125,812.95458984375,606.8872680664062,808.11474609375,570.0171508789062,838.9688110351562,579.68798828125,839.2713012695312,549.164306640625,874.6626586914062,623.509033203125,871.6377563476562,514.1074829101562,894.0220336914062,593.58984375,915.4989013671875
620.5036010742188,805.819580078125,,,617.4315185546875,803.055908203125,604.2215576171875,760.6793212890625,618.3531494140625,761.6005859375,599.6134033203125,780.025146484375,607.2936401367188,781.8676147460938,,,595.3125,805.2054443359375,611.5945434570312,810.11865234375,617.1243286132812,808.2762451171875,576.2655639648438,839.9051513671875,587.3250732421875,837.1414184570312,561.5195922851562,869.077392578125,626.9549560546875,873.37646484375,521.8897094726562,890.8798217773438,595.0053100585938,913.2964477539062
,,,,,,,,638.3157958984375,754.814697265625,,,623.861328125,776.2247924804688,,,615.0629272460938,801.4132080078125,631.7169799804688,803.3023071289062,634.2308349609375,800.4686279296875,591.4959106445312,837.936279296875,604.6934204101562,831.3243408203125,585.5255737304688,868.7919921875,636.430419921875,875.089111328125,554.1028442382812,885.1644287109375,596.5235595703125,911.6122436523438
647.241943359375,757.4503784179688,646.92529296875,752.6895751953125,647.241943359375,753.3243408203125,630.1417236328125,754.5939331054688,645.0252685546875,755.5460815429688,623.808349609375,773.0023193359375,632.6751098632812,774.2718505859375,,,648.8253173828125,794.5845947265625,,,658.325439453125,798.3932495117188,599.7413940429688,833.6231079101562,612.724853515625,833.6231079101562,595.3079833984375,868.21826171875,639.008544921875,877.1050415039062,564.9076538085938,884.4049072265625,597.8413696289062,910.4306640625
666.0272827148438,754.8067626953125,666.0272827148438,750.3618774414062,665.710205078125,750.6793823242188,650.17431640625,750.6793823242188,662.2225341796875,751.3143310546875,,,,,,,,,659.052001953125,791.635498046875,659.3690185546875,791.635498046875,618.7855224609375,828.4642333984375,630.1996459960938,827.51171875,630.1996459960938,861.800537109375,642.2478637695312,879.5799560546875,599.761962890625,909.4239501953125,600.3961181640625,909.741455078125
677.7566528320312,752.6111450195312,676.1507568359375,747.1514282226562,677.7566528320312,748.43603515625,661.054931640625,748.43603515625,675.8295288085938,750.0418701171875,,,,,,,696.0642700195312,796.6102294921875,686.1074829101562,786.9754028320312,687.071044921875,786.9754028320312,,,644.353271484375,827.1204833984375,,,644.6744384765625,877.8639526367188,,,600.6719360351562,907.4107666015625
678.4161987304688,752.37060546875,686.5614013671875,747.7998657226562,674.5064697265625,749.7587890625,673.8548583984375,746.1674194335938,688.5162353515625,748.1263427734375,662.77734375,758.9003295898438,687.8646240234375,772.2861938476562,703.5034790039062,796.4461059570312,704.4808959960938,797.7520141601562,729.2423706054688,796.11962890625,,,645.1837158203125,824.5238037109375,659.519287109375,826.8091430664062,,,646.812744140625,877.0878295898438,,,606.4124755859375,903.8595581054688
687.712890625,813.0225219726562,702.8148193359375,744.0232543945312,702.8148193359375,744.0232543945312,687.0836791992188,744.3383178710938,702.5001831054688,746.228759765625,,,,,,,,,,,,,,,,,,,656.2506713867188,872.8848876953125,,,615.3497314453125,900.6106567382812
699.5828247070312,757.04296875,704.2306518554688,757.04296875,697.7236938476562,755.803466796875,699.8927001953125,751.46533203125,714.14599609375,748.36669921875,,,,,,,,,723.441650390625,801.35400390625,,,,,,,711.6671752929688,841.0169677734375,671.076171875,870.1444702148438,728.0894775390625,885.3280029296875,,
714.6123657226562,815.0333251953125,720.8120727539062,756.1688232421875,713.6824340820312,755.8590087890625,711.5125732421875,749.9725952148438,726.3917846679688,749.0431518554688,,,,,,,,,,,645.4861450195312,886.9100341796875,,,,,728.2516479492188,845.704833984375,687.6438598632812,872.6585693359375,750.2604370117188,893.7258911132812,644.5562133789062,887.2197875976562
727.6753540039062,814.7606811523438,736.632568359375,749.1256713867188,727.0781860351562,750.9157104492188,739.6182861328125,749.4240112304688,738.4240112304688,749.7223510742188,712.1494750976562,761.3576049804688,739.6182861328125,780.1531372070312,699.609375,778.064697265625,,,690.3535766601562,786.7166137695312,742.6040649414062,805.2137451171875,701.9979858398438,824.3076171875,719.0167236328125,827.8876953125,710.6566162109375,873.8321533203125,746.4855346679688,847.2798461914062,753.3527221679688,894.417724609375,753.3527221679688,892.627685546875
738.1983032226562,820.3533325195312,751.8020629882812,803.052001953125,751.2352294921875,803.6192626953125,,,750.1015625,750.5807495117188,,,,,,,,,,,727.7120361328125,853.2542114257812,,,,,,,756.6200561523438,845.5963134765625,,,754.9195556640625,894.9476318359375
752.343017578125,818.9194946289062,767.1636352539062,803.0276489257812,768.4869384765625,802.4979248046875,752.078369140625,746.081787109375,766.3696899414062,748.9952392578125,738.5810546875,762.7682495117188,766.1050415039062,781.3087768554688,729.5828247070312,781.5736083984375,,,723.2311401367188,791.9033203125,770.0748291015625,803.822265625,727.465576171875,820.5087280273438,,,,,766.8989868164062,864.7410888671875,755.2542114257812,895.730224609375,,
755.7046508789062,820.5753784179688,764.5758056640625,800.0565185546875,771.6727905273438,800.309814453125,755.19775390625,745.8461303710938,771.4193115234375,747.8726806640625,742.7781372070312,761.0452880859375,,,734.4138793945312,778.0177001953125,,,729.3446044921875,789.1637573242188,,,,,,,,,,,,,,
786.5887451171875,773.7168579101562,,,,,768.6271362304688,739.998779296875,783.8822021484375,743.1983642578125,756.8168334960938,756.9808959960938,,,748.451171875,773.7168579101562,,,,,,,,,,,,,794.7083129882812,846.3214721679688,,,,
792.4485473632812,772.9512939453125,,,776.4315185546875,757.6713256835938,748.7656860351562,780.955078125,789.293701171875,738.9957885742188,,,,,,,,,,,,,,,,,784.4400634765625,848.380859375,802.3985595703125,842.802490234375,757.7449340820312,888.3997802734375,788.3229370117188,894.4632568359375
,,,,,,784.5543212890625,733.6665649414062,799.8128051757812,735.1212158203125,772.4444580078125,751.1221923828125,799.3284301757812,768.0928955078125,762.9987182617188,770.517333984375,810.227294921875,799.1251220703125,779.9525756835938,777.5480346679688,813.3759155273438,798.8826293945312,768.5692749023438,810.2772827148438,778.4993896484375,811.73193359375,800.7816162109375,841.3094482421875,819.915283203125,841.0670166015625,776.5618286132812,869.9172973632812,817.7354736328125,896.5855712890625
,,,,,,791.3988647460938,731.1299438476562,807.1272583007812,733.5930786132812,779.8482666015625,751.0811767578125,808.8475952148438,765.6135864257812,771.4925537109375,775.466064453125,,,812.7796630859375,789.01318359375,830.2283935546875,800.343505859375,778.373779296875,809.94970703125,794.8394165039062,807.240234375,810.8135986328125,838.2755126953125,830.9656372070312,846.40380859375,781.8143310546875,876.453857421875,834.40625,896.6514282226562
,,,,822.0118408203125,786.2259521484375,798.1865844726562,732.9967041015625,814.7388305664062,736.2607421875,787.6533203125,752.3299560546875,817.9991455078125,766.8926391601562,,,,,821.2594604492188,787.732421875,823.5166015625,787.9835205078125,787.6533203125,813.8448486328125,802.19921875,810.0786743164062,818.2499389648438,838.7019653320312,828.783203125,832.676025390625,795.4278564453125,883.8966064453125,851.1036987304688,897.4549560546875
,,,,830.993408203125,785.1337890625,808.0581665039062,734.9012451171875,824.36767578125,734.9012451171875,796.0809326171875,756.065185546875,828.9547119140625,766.774658203125,788.690673828125,784.6238403320312,833.0321044921875,788.9586181640625,800.1582641601562,793.0383911132812,846.0286865234375,802.98291015625,797.1002807617188,813.1824340820312,817.4871215820312,813.9473876953125,819.7806396484375,844.5458984375,846.538330078125,844.0359497070312,809.0775146484375,890.4436645507812,869.21875,899.6232299804688
,,,,841.6513671875,785.7742919921875,814.789794921875,737.2158813476562,830.6981201171875,737.2158813476562,804.358154296875,758.1011962890625,,,798.09912109375,785.7742919921875,842.1729736328125,790.4735107421875,854.43017578125,805.6153564453125,854.6909790039062,805.0932006835938,807.4876708984375,814.752685546875,826.2646484375,815.2747802734375,826.2646484375,843.2089233398438,860.1676025390625,854.6958618164062,808.5308227539062,890.200927734375,884.1604614257812,900.3825073242188
854.94140625,787.0213012695312,853.0892333984375,785.696044921875,850.972412109375,785.696044921875,824.2474975585938,740.9043579101562,839.0652465820312,740.6392822265625,814.4572143554688,762.9026489257812,848.3263549804688,772.7091064453125,809.4297485351562,783.8408203125,,,865.5255126953125,808.7545166015625,865.7901611328125,809.0195922851562,820.0138549804688,822.8016357421875,840.91748046875,823.0667114257812,826.62890625,850.3657836914062,863.9379272460938,850.8958740234375,809.6943359375,886.9412841796875,894.6318359375,900.4583129882812
865.8048706054688,787.8335571289062,864.73193359375,786.7593994140625,862.3177490234375,786.7593994140625,831.7383422851562,741.1076049804688,849.4421997070312,740.5704956054688,823.1546630859375,765.2761840820312,860.1718139648438,769.8413696289062,817.25341796875,794.2785034179688,864.4636840820312,793.472900390625,,,902.2855224609375,908.407958984375,831.7383422851562,823.2808227539062,853.1975708007812,821.9381103515625,830.6654052734375,851.208984375,874.6567993164062,850.4033813476562,812.9615478515625,883.7023315429688,901.2125244140625,908.139404296875
,,,,847.8109130859375,758.4200439453125,841.139404296875,742.6521606445312,857.151123046875,740.2468872070312,831.7991943359375,767.7738647460938,869.693603515625,768.8428955078125,826.1951293945312,790.7576293945312,875.0308227539062,790.7576293945312,825.92822265625,791.02490234375,878.5000610351562,812.1378173828125,841.40625,823.09521484375,863.0220947265625,820.1553955078125,841.673095703125,850.8894653320312,884.6378784179688,848.75146484375,818.1892700195312,884.02880859375,902.5176391601562,909.1505126953125
860.0552978515625,740.9955444335938,,,,,852.199462890625,740.470703125,868.1729736328125,740.208251953125,841.9868774414062,765.9262084960938,880.4804077148438,766.7135009765625,836.7496948242188,790.85693359375,888.0743408203125,790.85693359375,854.032470703125,790.3320922851562,889.9073486328125,810.276611328125,852.199462890625,822.0859375,874.4575805664062,821.823486328125,854.2943115234375,848.5911865234375,902.2147827148438,850.9530639648438,839.1064453125,878.24560546875,906.6664428710938,901.0768432617188
,,,,,,856.0438842773438,739.2163696289062,872.9004516601562,738.9564208984375,845.6705932617188,764.6951293945312,884.0517578125,765.215087890625,840.224609375,794.8535766601562,889.4977416992188,796.6735229492188,856.8218994140625,789.913818359375,895.7216796875,810.4528198242188,854.7472534179688,822.9321899414062,877.8277587890625,822.9321899414062,856.30322265625,849.1908569335938,909.7255859375,854.130615234375,844.1146240234375,880.9093017578125,910.762939453125,903.0081787109375
,,,,,,867.427734375,741.6930541992188,884.2138671875,739.6531982421875,856.7457275390625,766.4266967773438,895.1502685546875,767.9566650390625,850.6416625976562,789.8854370117188,902.5260009765625,796.005126953125,867.9364013671875,787.8455810546875,907.10400390625,814.619140625,864.375732421875,825.0735473632812,887.5202026367188,824.30859375,868.1907958984375,850.0621948242188,918.8034057617188,853.6320190429688,862.8497314453125,899.2745361328125,928.2138061523438,899.2745361328125
,,,,,,871.2225952148438,742.8694458007812,887.0198974609375,740.3181762695312,860.0115966796875,766.086181640625,898.7405395507812,769.147705078125,854.660888671875,791.3438720703125,907.6583251953125,792.6195678710938,866.89111328125,798.7426147460938,908.4227294921875,815.8362426757812,867.9102783203125,824.7657470703125,891.6062622070312,824.5106201171875,871.4774169921875,851.5542602539062,920.6528930664062,854.3607177734375,867.9102783203125,901.8145751953125,932.883056640625,905.3864135742188
,,,,,,880.8251953125,745.6785888671875,898.041259765625,744.6484375,870.5469360351562,770.659423828125,909.0903930664062,773.2347412109375,867.4635009765625,796.9279174804688,918.0838623046875,798.215576171875,,,914.2294921875,817.2731323242188,878.255615234375,828.0895385742188,901.8956298828125,827.574462890625,878.76953125,859.7662963867188,925.7925415039062,860.0238037109375,871.3178100585938,904.5772705078125,949.175537109375,911.015625
,,,,,,886.657470703125,750.0203247070312,903.725341796875,748.7268676757812,876.8305053710938,774.8544311523438,918.4658203125,775.371826171875,874.7616577148438,800.4646606445312,928.292724609375,805.1210327148438,872.951416015625,901.8707275390625,922.3448486328125,822.9705810546875,886.657470703125,832.024658203125,912.7764892578125,830.9899291992188,882.26123046875,860.48046875,931.6546020507812,863.8433837890625,873.2100830078125,901.6119995117188,,
,,906.2963256835938,744.0808715820312,,,892.9765625,752.1803588867188,909.9527587890625,750.6127319335938,885.1414184570312,776.7401123046875,923.7948608398438,775.956298828125,879.3956298828125,802.0836791992188,938.681640625,806.5253295898438,872.343994140625,904.24169921875,934.7640991210938,816.1924438476562,895.8494873046875,835.5267333984375,921.7055053710938,834.4815673828125,885.1414184570312,864.528076171875,942.5992431640625,872.8888549804688,872.6051635742188,904.5029907226562,959.314208984375,919.13427734375
,,897.632568359375,750.4276733398438,,,898.9309692382812,752.7656860351562,916.0692138671875,751.466796875,890.36181640625,777.70458984375,931.1301879882812,776.6654663085938,886.7264404296875,803.4228515625,945.1524047851562,806.7999877929688,874.26220703125,902.139404296875,940.9976806640625,814.0738525390625,901.5276489257812,840.0518798828125,929.5721435546875,835.3758544921875,889.3231201171875,865.5103759765625,946.1911010742188,865.5103759765625,875.0411987304688,899.8013916015625,959.434326171875,912.5305786132812
,,917.607177734375,745.642333984375,,,904.15478515625,751.8467407226562,921.22900390625,750.55419921875,895.1002197265625,777.181640625,935.9749145507812,776.1475219726562,893.289306640625,806.6527709960938,951.23828125,806.394287109375,878.2847290039062,905.924072265625,944.2533569335938,817.2520751953125,906.224365234375,835.8654174804688,932.61181640625,831.9876708984375,893.0306396484375,867.9217529296875,953.0491943359375,865.0780639648438,878.2847290039062,907.7337036132812,962.62109375,912.904052734375
,,,,,,909.434326171875,753.058349609375,925.8953247070312,752.0275268554688,900.1749877929688,778.0552368164062,940.8131103515625,777.2821044921875,898.8889770507812,809.2369384765625,955.4736938476562,807.6907348632812,885.2572021484375,911.8015747070312,948.0147705078125,817.9987182617188,909.6915283203125,837.0685424804688,936.955078125,835.780029296875,898.3745727539062,868.5079345703125,957.2741088867188,865.9309692382812,885.7716064453125,913.090087890625,968.3338623046875,911.5438842773438
,,926.0409545898438,748.8063354492188,916.118896484375,751.3550415039062,914.0835571289062,754.6683959960938,930.111572265625,752.62939453125,904.6702880859375,778.8811645507812,944.104248046875,778.6262817382812,903.3982543945312,804.6231689453125,958.8601684570312,811.2498168945312,891.1864624023438,918.5506591796875,954.0263671875,818.64111328125,914.3380126953125,838.2661743164062,941.0513305664062,834.188232421875,902.380615234375,871.3994750976562,961.404296875,869.1055908203125,891.1864624023438,919.8250122070312,974.6337890625,912.1788330078125
,,931.3742065429688,752.4381713867188,,,917.409912109375,756.3218383789062,934.21875,755.8040161132812,909.3933715820312,782.471923828125,948.9588623046875,782.2130126953125,907.5831909179688,808.1041259765625,961.37158203125,811.469970703125,924.9092407226562,815.612548828125,958.009765625,823.6388549804688,919.4786987304688,838.3967895507812,945.5971069335938,835.8076782226562,905.7730102539062,875.421142578125,963.4403076171875,873.6087646484375,899.0494995117188,925.1321411132812,981.0249633789062,918.4004516601562
,,936.9498291015625,758.4365844726562,,,923.2584838867188,762.3161010742188,940.56640625,761.798828125,914.7337036132812,788.4381103515625,953.9993896484375,788.179443359375,912.4087524414062,813.7841796875,965.1074829101562,818.9568481445312,931.2666015625,820.5086669921875,956.3243408203125,832.6644287109375,927.3917236328125,848.69970703125,953.7410888671875,844.5615234375,912.4087524414062,882.8392944335938,971.0490112304688,885.9429321289062,909.567138671875,931.46240234375,984.9986572265625,921.6343383789062
933.5924682617188,766.9111938476562,937.7029418945312,762.02197265625,,,924.857666015625,765.3672485351562,941.5565795898438,763.56591796875,915.6090087890625,789.8133544921875,955.9432983398438,790.0706787109375,914.067626953125,815.803466796875,965.7057495117188,819.663330078125,936.1614990234375,823.2659301757812,960.0538330078125,834.58837890625,929.9957885742188,850.0280151367188,955.9432983398438,845.6534423828125,914.067626953125,887.3405151367188,970.5869750976562,883.9952392578125,910.727783203125,935.4608154296875,985.4874877929688,924.3956909179688
,,925.238525390625,769.0720825195312,,,926.2621459960938,767.2786254882812,944.68701171875,766.7662353515625,917.0497436523438,792.8992919921875,957.2261352539062,792.8992919921875,915.2584228515625,817.4951782226562,967.9739379882812,826.46240234375,939.0571899414062,829.0244750976562,960.5528564453125,838.7603149414062,931.6360473632812,850.033447265625,957.4820556640625,849.2647705078125,919.8646240234375,892.0513305664062,971.8124389648438,887.69580078125,915.2584228515625,944.061279296875,986.3988037109375,924.8458251953125
,,940.9025268554688,762.0872802734375,,,927.0852661132812,766.4439697265625,944.2288818359375,765.6751708984375,916.850341796875,792.328125,956.5108642578125,792.328125,916.5944213867188,815.6494140625,968.2810668945312,823.850341796875,,,963.16357421875,837.1768188476562,930.4116821289062,849.4782104492188,954.7197265625,846.40283203125,920.4325561523438,892.2766723632812,972.6309814453125,887.6636962890625,916.3385620117188,947.3765258789062,988.2393188476562,928.668212890625
,,,,,,927.1767578125,763.3339233398438,944.221435546875,762.8236694335938,916.2376708984375,789.0997924804688,955.4149169921875,789.3549194335938,914.7113037109375,812.3146362304688,967.37158203125,816.9065551757812,,,963.8099975585938,830.42724609375,927.685546875,846.4990844726562,952.1077270507812,845.4786376953125,919.2904663085938,889.6123046875,972.7139282226562,887.5714721679688,915.2200927734375,945.48095703125,987.468994140625,923.5416259765625
,,,,944.4706420898438,760.5970458984375,927.0784301757812,762.1342163085938,944.21484375,762.1342163085938,915.3131103515625,787.753662109375,955.9801635742188,789.03466796875,914.801513671875,812.8607788085938,967.7455444335938,815.6788940429688,,,964.6763305664062,827.9762573242188,926.0553588867188,847.95947265625,952.6552124023438,845.909912109375,916.5919189453125,889.9754028320312,971.8378295898438,885.8762817382812,911.4765625,947.87548828125,988.2069702148438,925.8427124023438
,,,,,,926.5643920898438,762.929931640625,944.3787841796875,762.4124755859375,914.9463500976562,789.578369140625,955.48046875,789.578369140625,912.880859375,814.156982421875,966.8403930664062,813.8982543945312,902.037353515625,943.000732421875,965.291259765625,830.7152099609375,926.0480346679688,847.7908935546875,952.1241455078125,845.7210693359375,912.6226806640625,892.5498657226562,970.7130737304688,884.5294189453125,902.2955322265625,944.2943115234375,986.9783935546875,924.6314086914062
,,,,,,926.4849243164062,766.0233764648438,943.7860717773438,765.7608032226562,915.47509765625,792.2806396484375,956.1065673828125,792.543212890625,913.3779907226562,815.6495971679688,967.6406860351562,819.3256225585938,,,965.019287109375,834.292236328125,926.7470703125,849.521484375,951.912353515625,846.6331787109375,910.2322998046875,895.7341918945312,972.0970458984375,888.644775390625,896.60107421875,942.2095336914062,989.1361083984375,930.393798828125
939.8294067382812,771.2589721679688,940.6390380859375,768.8295288085938,,,926.6057739257812,770.7191162109375,944.417236328125,770.4491577148438,916.080810546875,796.90283203125,956.0216674804688,796.90283203125,913.382080078125,820.6571044921875,967.8959350585938,829.8349609375,891.5225830078125,944.827392578125,960.339599609375,846.5709228515625,925.796142578125,854.129150390625,951.9735717773438,851.9696044921875,909.0641479492188,894.889404296875,970.5946655273438,891.9200439453125,892.60205078125,941.858154296875,991.64453125,940.238525390625
,,940.0208740234375,774.0894775390625,,,927.004638671875,777.1412963867188,943.8980712890625,777.1412963867188,915.9268798828125,803.2203369140625,955.5296630859375,803.497802734375,913.7113647460938,832.9061279296875,967.9921264648438,837.3450927734375,919.8040771484375,852.32666015625,960.2377319335938,852.6041259765625,925.3429565429688,860.372314453125,952.4833374023438,859.8175048828125,906.23388671875,903.09765625,971.8692626953125,898.3812255859375,887.40185546875,943.880859375,992.6400146484375,943.3259887695312
,,,,,,927.3264770507812,785.1981811523438,944.8963012695312,784.9147338867188,916.84130859375,810.7074584960938,956.231689453125,812.9749145507812,912.5905151367188,838.7676391601562,967.8504028320312,842.4523315429688,878.5844116210938,950.158203125,963.0328979492188,857.1910400390625,923.6425170898438,868.8119506835938,949.9971923828125,865.6941528320312,905.789306640625,908.7764892578125,972.9513549804688,905.375244140625,880.8515014648438,946.7569580078125,991.087890625,941.9385375976562
,,,,,,927.9542236328125,793.6544189453125,945.2528686523438,793.3656616210938,917.2866821289062,820.5097045898438,956.2086791992188,821.3760375976562,912.3853759765625,846.7874755859375,968.3177490234375,852.5628051757812,877.499755859375,953.0535888671875,958.5151977539062,871.0438842773438,923.0529174804688,875.6641235351562,949.0009155273438,875.0866088867188,900.5646362304688,914.6476440429688,970.9125366210938,914.070068359375,877.7880859375,952.7648315429688,993.4008178710938,950.1658935546875
958.7041625976562,882.1322021484375,,,,,923.3485717773438,805.510986328125,940.5880737304688,805.803466796875,912.8295288085938,831.538818359375,953.4447021484375,833.5859375,911.3685913085938,858.1514892578125,961.041748046875,858.7364501953125,877.76611328125,961.0929565429688,998.1505126953125,967.234375,921.30322265625,887.396240234375,947.8929443359375,887.396240234375,896.4666137695312,915.763671875,968.6387939453125,919.2730102539062,877.76611328125,961.3854370117188,996.1051635742188,963.7249755859375
958.0302124023438,882.445556640625,,,,,920.4790649414062,808.1283569335938,938.8110961914062,808.1283569335938,911.017333984375,835.3681030273438,950.6382446289062,835.9602661132812,908.3562622070312,859.6470336914062,958.0302124023438,861.12744140625,910.7216796875,885.7025146484375,996.7640380859375,965.0531616210938,920.4790649414062,889.2554931640625,947.090087890625,889.5515747070312,894.4594116210938,915.903076171875,968.083251953125,920.6405029296875,881.1538696289062,963.2766723632812,,
,,,,,,907.2105102539062,809.987548828125,924.6696166992188,809.6866455078125,899.68505859375,837.3694458007812,937.9144897460938,837.3694458007812,894.8687744140625,876.787353515625,943.3328247070312,863.5477905273438,900.287109375,893.6378173828125,993.6029663085938,962.2430419921875,913.5319213867188,893.0360107421875,941.2257080078125,892.4342041015625,884.0320434570312,913.798095703125,962.2969970703125,921.3206176757812,881.0218505859375,966.7565307617188,989.6897583007812,956.52587890625
,,,,,,900.1337890625,809.9781494140625,916.8858642578125,809.3684692382812,892.8237915039062,837.1083374023438,931.5059204101562,836.4986572265625,890.6917114257812,875.5174560546875,,,897.6971435546875,895.3316650390625,995.468505859375,966.0531005859375,911.0988159179688,893.1978149414062,938.206787109375,891.9784545898438,878.5083618164062,913.011962890625,961.9642944335938,927.0343627929688,879.7266845703125,965.748291015625,992.1181030273438,962.3950805664062
,,,,,,880.4890747070312,807.6851806640625,896.72998046875,805.497802734375,876.116455078125,835.8084716796875,910.1600341796875,830.183837890625,876.116455078125,878.6183471679688,,,880.1767578125,885.180419921875,989.8031005859375,962.0506591796875,898.2916259765625,891.7425537109375,923.5900268554688,888.93017578125,863.6234741210938,917.053466796875,942.9542236328125,920.49072265625,877.053466796875,968.61279296875,,
,,,,,,867.5775756835938,806.2637939453125,884.654052734375,802.4702758789062,866.9451293945312,831.8701171875,897.6195678710938,828.7088623046875,863.7828369140625,878.6568603515625,898.2520141601562,857.1602172851562,863.7828369140625,880.8697509765625,974.7799682617188,954.5272827148438,889.3975219726562,889.7213134765625,911.53369140625,885.9277954101562,856.8257446289062,921.0178833007812,930.8238525390625,919.12109375,874.8508911132812,968.7529907226562,,
,,,,,,855.2857666015625,803.0879516601562,872.7485961914062,799.6505126953125,853.4147338867188,832.150390625,885.2220458984375,824.650390625,853.4147338867188,873.7128295898438,,,849.6727294921875,874.9628295898438,852.1673583984375,874.6502685546875,882.7273559570312,886.8377685546875,901.7493896484375,885.2752685546875,849.36083984375,921.8377075195312,913.9110107421875,922.4627075195312,873.9959716796875,968.4000854492188,942.5999755859375,939.650146484375
,,,,,,846.8436889648438,801.538818359375,863.0777587890625,797.31982421875,843.8373413085938,828.9624633789062,874.8023681640625,821.7298583984375,843.8373413085938,869.344482421875,,,,,,,873.599853515625,884.1110229492188,891.6377563476562,880.193359375,846.5430297851562,923.28759765625,892.239013671875,919.97265625,873.2991943359375,966.984619140625,916.8907470703125,935.0405883789062
,,,,,,836.9305419921875,797.3141479492188,852.9164428710938,794.1128540039062,834.314697265625,824.0885009765625,865.1238403320312,818.5590209960938,835.477294921875,853.7730712890625,,,828.5015869140625,868.6154174804688,,,862.5079956054688,879.9653930664062,879.656494140625,875.5999755859375,841.2903442382812,920.708984375,865.4144897460938,911.3961181640625,871.2275390625,965.8179321289062,,
,,,,,,828.191162109375,793.5296630859375,843.89794921875,790.7682495117188,827.364501953125,820.3152465820312,854.9202880859375,813.1356201171875,826.8133544921875,851.242919921875,,,,,829.017822265625,852.6235961914062,852.1647338867188,878.3045654296875,868.6982421875,875.26708984375,831.7734375,918.0687255859375,846.1024169921875,906.4708251953125,869.52490234375,964.460205078125,867.595947265625,961.4226684570312
,,,,,,820.4744262695312,792.1062622070312,835.8057250976562,788.6642456054688,824.9680786132812,814.8763427734375,841.356689453125,809.8457641601562,,,823.9107666015625,847.9724731445312,,,804.3501586914062,860.9461669921875,844.7930297851562,872.595947265625,859.5956420898438,871.8016967773438,818.888427734375,915.7532958984375,833.1624145507812,901.1910400390625,850.8726806640625,949.37890625,,
,,,,,,811.2698364257812,790.3753662109375,826.181884765625,787.5421752929688,817.6974487304688,812.782958984375,831.5810546875,809.1771240234375,811.2698364257812,844.72021484375,812.5553588867188,844.72021484375,789.93017578125,858.885986328125,794.0438842773438,857.855712890625,835.4376220703125,871.248779296875,850.0925903320312,869.9609985351562,804.8422241210938,914.2611083984375,,,831.323974609375,942.0774536132812,,
796.7922973632812,832.0377197265625,798.5399169921875,828.79150390625,796.7922973632812,828.2920532226562,797.0419921875,789.586669921875,813.020263671875,787.0895385742188,813.020263671875,814.8076171875,,,,,795.2943115234375,844.02392578125,,,757.84521484375,860.5049438476562,823.25634765625,868.7454833984375,,,787.5548706054688,910.4474487304688,,,,,,
792.4461669921875,831.7698364257812,795.126708984375,827.1411743164062,792.6898193359375,826.8975830078125,792.4461669921875,790.1117553710938,808.28564453125,787.1884155273438,807.7982788085938,813.498779296875,808.28564453125,808.1392211914062,790.9840087890625,842.0016479492188,794.3956298828125,839.8091430664062,792.6898193359375,897.5457763671875,784.160888671875,847.1175537109375,,,,,784.8919067382812,907.5339965820312,,,,,,
,,785.2855224609375,825.2720947265625,782.3876342773438,795.8531494140625,779.97265625,785.7252807617188,795.4283447265625,785.7252807617188,,,,,778.2822265625,839.499267578125,,,749.3027954101562,854.93212890625,761.1360473632812,849.8682250976562,799.7752685546875,875.6701049804688,,,768.139404296875,909.4295043945312,779.4896850585938,916.181396484375,764.2755126953125,971.1610717773438,,
780.079833984375,793.9603881835938,,,776.999267578125,789.2078247070312,775.5775146484375,789.2078247070312,791.4540405273438,786.1187133789062,787.188720703125,811.3071899414062,,,777.2362670898438,836.4957275390625,,,751.644287109375,851.7039184570312,756.1465454101562,850.9910278320312,795.7193603515625,874.7537841796875,804.4869995117188,875.4666748046875,767.9946899414062,914.4375610351562,765.151123046875,897.0907592773438,762.5445556640625,973.131591796875,791.927978515625,944.378662109375
772.1788330078125,824.2334594726562,776.5867309570312,821.2123413085938,770.3229370117188,820.51513671875,762.667236328125,784.2616577148438,777.9786376953125,784.2616577148438,775.6587524414062,809.5925903320312,782.1544799804688,809.1278076171875,764.2911376953125,838.4094848632812,760.3472900390625,832.3672485351562,746.4277954101562,848.8672485351562,745.267822265625,846.7756958007812,783.314453125,874.8953857421875,793.2901000976562,875.5925903320312,756.6354370117188,915.5643920898438,744.1078491210938,898.599609375,761.7392578125,974.1278076171875,771.9468994140625,936.4798583984375
754.2603149414062,791.3525390625,754.4923706054688,783.4532470703125,754.4923706054688,783.4532470703125,754.4923706054688,783.4532470703125,752.8679809570312,783.4532470703125,771.8966064453125,809.4744873046875,,,759.8296508789062,837.819091796875,,,739.1766357421875,845.9507446289062,732.9111328125,845.486083984375,773.985107421875,874.2953491210938,784.6597290039062,874.5277099609375,750.7794799804688,919.1355590820312,733.83935546875,900.0842895507812,761.6861572265625,973.9661254882812,,
753.8604736328125,820.0737915039062,758.2943115234375,817.7415771484375,753.6271362304688,816.575439453125,768.5621337890625,820.0737915039062,750.126708984375,818.6744384765625,764.5950317382812,807.712890625,,,755.2606811523438,835.6998901367188,,,737.05859375,843.3963623046875,729.3577270507812,844.3292236328125,768.095458984375,873.2491455078125,755.9607543945312,869.7507934570312,746.8596801757812,918.0284423828125,725.390625,898.4375,761.0946655273438,972.6031494140625,,
737.7011108398438,789.8267211914062,756.21484375,814.2416381835938,737.4667358398438,781.6102294921875,738.1697998046875,781.6102294921875,736.763671875,781.6102294921875,753.871337890625,825.2752685546875,746.1377563476562,806.7293701171875,747.0751342773438,833.4918212890625,,,731.60791015625,839.830322265625,732.07666015625,836.0741577148438,759.4957885742188,876.6873779296875,750.5904541015625,869.1751098632812,743.5598754882812,920.822021484375,719.890380859375,897.1113891601562,760.6675415039062,971.9993896484375,729.0300903320312,932.794677734375
748.2759399414062,814.7863159179688,753.0044555664062,813.1338500976562,744.9659423828125,810.773193359375,757.7329711914062,816.910888671875,738.81884765625,813.6060180664062,749.4580688476562,824.7010498046875,,,733.6174926757812,838.864990234375,728.1796875,812.6617431640625,732.1989135742188,814.314208984375,,,752.5316162109375,875.4551391601562,740.2374267578125,867.9010620117188,738.5824584960938,918.4190673828125,712.5755615234375,893.8682861328125,759.1515502929688,968.4649658203125,715.6490478515625,933.0551147460938
741.686279296875,814.6339721679688,745.9390258789062,811.7993774414062,739.7962036132812,810.1458740234375,751.1368408203125,813.6890869140625,724.4390258789062,785.1068115234375,742.63134765625,821.720458984375,,,724.4390258789062,839.2005615234375,,,721.840087890625,816.05126953125,,,743.8126831054688,874.1607666015625,731.76318359375,866.601806640625,731.76318359375,916.9161376953125,705.3016357421875,893.0581665039062,755.6258544921875,966.5218505859375,708.8455810546875,932.5064697265625
735.19384765625,811.40380859375,739.9351196289062,808.0870971679688,719.7845458984375,782.9749755859375,751.3142700195312,857.6006469726562,718.1250610351562,782.2642822265625,730.2154541015625,818.7479248046875,,,718.5991821289062,833.4361572265625,,,715.517333984375,812.3514404296875,725.237060546875,811.8776245117188,736.6162109375,865.6554565429688,725.9482421875,861.8649291992188,722.3922729492188,915.1689453125,700.3450927734375,888.6353759765625,748.7066040039062,961.6026611328125,706.9829711914062,933.647705078125
717.2498168945312,783.64501953125,720.3275146484375,779.144287109375,714.6455688476562,778.4336547851562,714.1720581054688,775.591064453125,729.5606689453125,772.5115966796875,734.058837890625,795.252197265625,716.0660400390625,795.4890747070312,711.56787109375,831.0213012695312,706.8328857421875,813.018310546875,693.5750122070312,835.7589111328125,716.3027954101562,809.2282104492188,723.4052124023438,861.5789794921875,731.9281616210938,861.8158569335938,714.88232421875,912.2716064453125,698.3099975585938,886.92529296875,706.8328857421875,932.169677734375,707.7799072265625,932.6434326171875
708.7866821289062,780.21337890625,709.9701538085938,774.7670288085938,708.7866821289062,774.056640625,712.5738525390625,772.8726196289062,724.172119140625,770.0310668945312,725.59228515625,792.0533447265625,,,699.3187255859375,815.0228271484375,699.555419921875,815.2595825195312,678.962646484375,825.6787109375,680.3828125,825.2051391601562,722.2785034179688,852.6737670898438,733.1666259765625,852.6737670898438,708.5499877929688,908.3214111328125,708.0765991210938,904.7694702148438,727.9592895507812,934.8428955078125,706.419677734375,933.422119140625
705.6200561523438,773.9483032226562,706.0930786132812,769.919189453125,706.0930786132812,769.919189453125,708.6948852539062,769.919189453125,721.940185546875,768.2601318359375,719.8114624023438,788.40576171875,732.8202514648438,789.5907592773438,700.4165649414062,792.671875,,,,,,,718.392333984375,849.79052734375,731.401123046875,849.0795288085938,707.2756958007812,904.5391845703125,707.2756958007812,901.9320678710938,729.9819946289062,934.4020385742188,705.8565673828125,933.4539794921875
696.10546875,767.7537841796875,697.2835083007812,763.739990234375,697.2835083007812,763.5038452148438,697.9903564453125,763.97607421875,712.5985107421875,760.6705932617188,700.1109008789062,778.8507690429688,729.3272094726562,784.75341796875,690.215087890625,783.3367919921875,728.1491088867188,806.0029907226562,,,712.8341064453125,775.5452880859375,706.2369384765625,846.8493041992188,723.9080810546875,845.6688232421875,705.29443359375,898.0843505859375,709.0643310546875,886.279052734375,736.3956909179688,931.8474731445312,705.29443359375,930.903076171875
692.7421264648438,763.7627563476562,692.9765014648438,760.7105712890625,693.6796264648438,760.240966796875,693.9139404296875,761.1801147460938,709.6165161132812,759.0670166015625,693.9139404296875,778.3194580078125,726.4908447265625,783.01513671875,688.2891845703125,781.6064453125,729.53759765625,800.8588256835938,,,,,702.1167602539062,846.1724243164062,720.8660888671875,845.2332763671875,705.6322631835938,896.885986328125,708.9133911132812,893.3642578125,738.2091674804688,932.8081665039062,705.3978881835938,930.4603271484375
,,,,,,684.4308471679688,755.8923950195312,700.8901977539062,753.5069580078125,681.0912475585938,774.2601928710938,715.441162109375,778.3154296875,739.7723999023438,792.8665161132812,739.7723999023438,792.6279907226562,722.8359375,782.132080078125,730.4692993164062,779.5081176757812,693.9724731445312,843.4375,713.5328369140625,840.5750122070312,703.51416015625,892.1002197265625,709.9547119140625,888.5220336914062,,,706.1380615234375,927.64306640625
,,,,,,681.1929931640625,754.7456665039062,697.435302734375,754.267578125,675.6992797851562,771.2407836914062,709.378173828125,777.6953735351562,,,735.652587890625,790.365478515625,,,735.652587890625,765.2642822265625,690.2695922851562,839.1336059570312,711.5279541015625,835.7867431640625,699.5850219726562,884.7939453125,709.1393432617188,880.0127563476562,713.6776123046875,916.5888061523438,705.5565185546875,928.5418090820312
695.5343017578125,751.8931884765625,694.3472900390625,748.3258056640625,694.8220825195312,748.3258056640625,678.6787109375,752.1310424804688,694.8220825195312,751.8931884765625,674.6428833007812,772.5841064453125,706.2174072265625,778.767578125,701.706787109375,760.9306030273438,737.7919921875,787.567138671875,719.7493896484375,754.9849243164062,737.7919921875,761.40625,687.7000122070312,843.456298828125,710.4906616210938,843.2184448242188,694.5846557617188,885.789306640625,708.5914306640625,885.0758666992188,703.3685913085938,916.944580078125,708.828857421875,917.8958740234375
,,,,732.6043090820312,769.7152099609375,677.7132568359375,752.5900268554688,695.5350341796875,752.1143188476562,674.6241455078125,778.2777709960938,704.3270874023438,775.423583984375,690.544921875,769.9530029296875,733.7924194335938,786.1267700195312,697.43603515625,763.7689208984375,731.4161987304688,759.4876708984375,682.703369140625,840.8321533203125,706.703369140625,840.8321533203125,685.79248046875,878.412353515625,706.703369140625,884.8342895507812,690.3073120117188,907.9056396484375,703.6142578125,930.97705078125
,,,,,,675.4820556640625,751.64501953125,693.103515625,750.6913452148438,669.5289306640625,769.7648315429688,704.5335693359375,776.2021484375,698.5804443359375,764.0427856445312,730.9656982421875,789.5535888671875,,,725.0125122070312,762.3739013671875,680.0064697265625,839.3829956054688,704.2954711914062,839.6214599609375,677.625244140625,873.9536743164062,703.3429565429688,884.6824951171875,677.625244140625,911.14697265625,700.0091552734375,934.03515625
667.2847290039062,837.4523315429688,,,,,673.9884643554688,751.3656005859375,691.7055053710938,749.4525146484375,670.3971557617188,770.9742431640625,704.3947143554688,771.4524536132812,,,727.8577880859375,792.0176391601562,,,723.0693969726562,775.5177001953125,677.34033203125,837.4523315429688,702.71875,838.4088134765625,670.6365966796875,874.2783203125,701.2822265625,885.0391845703125,667.2847290039062,927.3651733398438,696.9727172851562,934.2999267578125
662.9288940429688,842.47216796875,665.3119506835938,836.986328125,,,672.2228393554688,751.3587036132812,690.0957641601562,748.9735107421875,666.9801025390625,770.6785888671875,704.8707275390625,769.9630126953125,,,700.5812377929688,889.4600830078125,653.3966674804688,932.6316528320312,708.9219360351562,793.814697265625,675.32080078125,835.55517578125,699.8663330078125,836.50927734375,665.55029296875,873.2408447265625,699.8663330078125,884.212646484375,653.1583251953125,934.062744140625,695.8151245117188,930.0079345703125
661.1978149414062,837.873779296875,,,,,671.4434814453125,755.0780029296875,688.8372802734375,754.3621826171875,666.6780395507812,772.9733276367188,700.9891357421875,772.7347412109375,,,714.332275390625,787.5281982421875,,,702.656982421875,803.0375366210938,673.1113891601562,838.3510131835938,695.9854125976562,838.8282470703125,659.5299072265625,875.8118896484375,699.5595092773438,873.4259033203125,638.5620727539062,931.8839721679688,694.5557861328125,923.5328369140625
651.37744140625,767.9329223632812,,,,,669.8187255859375,761.5362548828125,687.7681884765625,761.044189453125,664.4093017578125,783.4324951171875,696.6200561523438,787.368896484375,,,707.9306640625,812.4635009765625,,,704.9801025390625,796.4718627929688,664.4093017578125,843.9547729492188,687.2764892578125,847.3991088867188,651.131591796875,876.4301147460938,702.7671508789062,873.9698486328125,625.3137817382812,920.7147216796875,691.9482421875,924.8970947265625
650.7890014648438,763.5028076171875,650.7890014648438,763.0,,,669.6240234375,763.7542114257812,687.70556640625,763.0,665.8569946289062,786.1306762695312,695.9929809570312,791.1591186523438,,,706.038330078125,819.3182373046875,662.0900268554688,789.147705078125,662.3411254882812,788.8963012695312,662.3411254882812,846.2202758789062,683.9385986328125,849.48876953125,642.25048828125,890.7217407226562,703.7781372070312,875.636474609375,621.1552734375,920.1380004882812,691.7237548828125,926.6749267578125
697.1278686523438,793.6566772460938,684.9307861328125,765.8423461914062,677.6644287109375,766.102294921875,690.1210327148438,766.102294921875,690.6400756835938,766.102294921875,,,,,,,706.9893798828125,826.1500854492188,,,707.5084228515625,821.4710693359375,657.4224243164062,853.7044677734375,678.4429321289062,855.5241088867188,641.3326416015625,891.9166870117188,705.1727905273438,877.3596801757812,,,691.6781005859375,926.7496337890625
698.09423828125,791.8632202148438,701.0321044921875,788.9210205078125,685.5413818359375,786.246337890625,691.6842651367188,767.256103515625,700.4979858398438,819.4124145507812,,,,,,,,,,,,,658.566162109375,854.1832885742188,680.4668579101562,856.8579711914062,639.8704833984375,896.7107543945312,706.640869140625,878.2554321289062,,,691.150146484375,926.6671752929688
690.955078125,778.39501953125,694.2531127929688,774.8200073242188,687.38232421875,775.64501953125,697.2762451171875,770.6950073242188,681.61083984375,771.52001953125,675.5645141601562,785.820068359375,677.4883422851562,785.820068359375,,,,,724.484619140625,804.2451782226562,718.9879760742188,787.7451171875,667.8692626953125,849.0703735351562,689.03125,853.1953735351562,650.005126953125,883.9954833984375,709.9185180664062,879.8704833984375,,,693.7034301757812,922.7706298828125
692.4625244140625,772.3185424804688,696.93310546875,768.6815185546875,689.3889770507812,768.9613037109375,686.0360107421875,765.32421875,703.6389770507812,765.0444946289062,681.0066528320312,782.110595703125,714.256591796875,793.3015747070312,,,719.5654296875,801.1351928710938,712.3007202148438,815.6834106445312,729.6242065429688,785.4678955078125,675.4183959960938,844.77978515625,698.8889770507812,847.8572998046875,652.227294921875,887.0255126953125,714.5360107421875,879.4716796875,,,696.6536865234375,923.1162719726562
697.99658203125,768.65283203125,702.2461547851562,762.4165649414062,695.44677734375,763.2669677734375,692.8970336914062,759.8653564453125,709.0455322265625,758.4480590820312,686.664306640625,776.8733520507812,720.3778076171875,783.9600219726562,697.7132568359375,796.7160034179688,735.1097412109375,787.9285888671875,719.2445068359375,810.6058959960938,735.1097412109375,785.0938720703125,684.9644775390625,840.6533203125,707.6289672851562,844.054931640625,660.033447265625,886.0079345703125,717.544677734375,878.6378173828125,,,699.6964111328125,919.4569702148438
705.5721435546875,765.107177734375,709.543701171875,759.7191772460938,701.88427734375,760.5699462890625,699.0474853515625,756.3162841796875,714.93359375,754.6148071289062,693.9412841796875,773.614501953125,728.8339233398438,781.2710571289062,,,727.9828491210938,811.6138305664062,,,727.69921875,810.1959228515625,694.2249755859375,834.5836181640625,716.9193725585938,837.7029418945312,674.9346923828125,875.4187622070312,722.025634765625,875.9859008789062,651.9566650390625,913.9852294921875,700.4659423828125,924.4776000976562
714.9449462890625,756.1386108398438,719.081298828125,751.9949951171875,710.80859375,752.5474853515625,706.6722412109375,754.7573852539062,723.2176513671875,752.5474853515625,699.5025024414062,774.09423828125,734.5238037109375,778.7903442382812,,,742.520751953125,790.9448852539062,670.5479125976562,914.42431640625,711.0843505859375,916.3580322265625,701.4328002929688,835.1433715820312,724.8722534179688,836.248291015625,686.817626953125,872.1595458984375,727.3540649414062,876.0269165039062,670.5479125976562,916.9104614257812,709.70556640625,920.225341796875
,,,,,,,,,,,,,,,,,,,,,,,,,,,,,,,,,
,,,,,,,,,,,,,,,,,,,,,,,,,,,,,,,,,
713.8551025390625,839.5435180664062,741.4383544921875,754.4813232421875,733.7891845703125,754.2489013671875,730.5441284179688,755.6433715820312,746.76953125,755.4110107421875,719.64990234375,779.3492431640625,756.5047607421875,781.90576171875,,,766.0082397460938,814.9080200195312,716.40478515625,925.302978515625,715.4776611328125,925.070556640625,724.2857055664062,839.3111572265625,748.6238403320312,839.5435180664062,720.5770874023438,872.7781982421875,752.33251953125,871.6161499023438,,,,
753.4853515625,760.0054931640625,758.4424438476562,755.51806640625,761.0390014648438,755.990478515625,744.279296875,757.4075317382812,760.802978515625,757.1713256835938,732.2406616210938,780.3170776367188,768.12060546875,784.8045654296875,731.0604248046875,803.4628295898438,777.5626831054688,814.3271484375,718.7857055664062,928.875,776.1463623046875,830.1513061523438,736.7256469726562,840.7794189453125,760.802978515625,841.015625,729.1719970703125,876.2066040039062,771.8973999023438,875.0256958007812,719.2578125,925.5684204101562,779.9232177734375,918.246826171875
759.1337890625,761.6380615234375,762.23291015625,757.1021118164062,765.0936279296875,756.8633422851562,749.1212158203125,758.7732543945312,765.0936279296875,758.7732543945312,737.6782836914062,780.4981079101562,773.6758422851562,786.7052612304688,734.5791625976562,802.2230224609375,781.5428466796875,806.281494140625,719.5603637695312,928.7525634765625,770.3383178710938,810.5787353515625,741.7310180664062,838.5107421875,764.3784790039062,838.9882202148438,732.4336547851562,876.4696044921875,778.4437255859375,875.9921264648438,720.037109375,926.8426513671875,790.601806640625,918.7257080078125
772.473388671875,757.773193359375,776.0186157226562,754.2217407226562,767.9152221679688,754.4754028320312,762.3441772460938,754.9827880859375,778.8041381835938,754.7291259765625,752.4682006835938,777.5599975585938,790.7059326171875,780.8577880859375,748.9230346679688,804.44970703125,801.8480224609375,808.5084838867188,722.3338623046875,922.155517578125,790.199462890625,807.4937744140625,757.7860717773438,834.3834838867188,781.33642578125,834.3834838867188,746.3907470703125,871.4202270507812,797.0366821289062,873.1959838867188,,,808.9384765625,916.0672607421875
776.8272094726562,757.7434692382812,779.9862670898438,753.2579345703125,772.351806640625,756.6880493164062,766.8234252929688,753.5217895507812,783.671875,752.730224609375,757.6094360351562,775.9495239257812,795.78173828125,778.0603637695312,752.6075439453125,803.6543579101562,807.101806640625,803.3905029296875,724.9655151367188,920.8062133789062,805.522216796875,797.3218383789062,763.9276123046875,832.1507568359375,787.884033203125,831.359130859375,752.0809936523438,870.9375,803.679443359375,870.9375,,,812.1036376953125,917.3760986328125
791.750244140625,754.0662841796875,795.4600219726562,749.5640869140625,787.7754516601562,752.7421264648438,781.6807861328125,750.09375,798.3748779296875,747.1806030273438,774.5262451171875,771.5452880859375,813.2140502929688,772.0750122070312,767.6365966796875,796.70458984375,823.5484619140625,802.2660522460938,,,822.2235717773438,805.1792602539062,783.0057373046875,831.6626586914062,807.3843994140625,831.3978271484375,771.6113891601562,867.6801147460938,816.3938598632812,867.9449462890625,750.1475830078125,901.8436889648438,814.803955078125,917.4688720703125
757.1209106445312,908.8591918945312,,,,,791.0775146484375,745.9159545898438,807.7985229492188,743.341796875,783.8745727539062,768.8258056640625,822.204345703125,768.3109741210938,778.2151489257812,792.25048828125,831.979736328125,799.4581298828125,,,820.9180908203125,908.0869140625,793.6499633789062,828.5458984375,818.08837890625,828.2885131835938,784.903564453125,857.8911743164062,825.0340576171875,865.0987548828125,769.7260131835938,894.4439697265625,820.9180908203125,909.6314086914062
808.905517578125,744.0482177734375,812.6142578125,738.352294921875,816.8174438476562,738.5999755859375,800.2517700195312,741.8193969726562,816.5701904296875,741.3240966796875,792.3397827148438,766.5841674804688,831.1578979492188,766.3365478515625,786.1585693359375,792.8348388671875,841.7896118164062,800.5119018554688,,,832.6414184570312,808.18896484375,802.7242431640625,823.7908325195312,827.4491577148438,823.5431518554688,795.0595703125,856.7279663085938,835.3611450195312,856.9755859375,785.4168090820312,901.3045654296875,832.3941650390625,901.7998657226562
818.140869140625,740.7118530273438,820.9986572265625,737.6105346679688,814.8068237304688,738.3262329101562,810.0438842773438,740.4733276367188,825.7615966796875,738.8033447265625,801.2324829101562,765.9994506835938,839.812255859375,765.7608642578125,797.422119140625,798.9210205078125,851.0051879882812,799.63671875,817.6646118164062,787.7086181640625,842.6700439453125,806.077880859375,813.3779296875,821.58447265625,837.4307861328125,821.3458862304688,808.614990234375,851.4047241210938,846.0040893554688,854.2674560546875,805.9954223632812,858.322998046875,,
828.1124267578125,742.7518310546875,830.9219360351562,738.0741577148438,825.06884765625,739.4774780273438,820.3864135742188,740.6469116210938,836.0726318359375,739.7113647460938,811.2556762695312,766.8419189453125,849.6516723632812,766.3741455078125,807.5097045898438,799.117919921875,860.1871948242188,801.6906127929688,826.4736328125,788.3592529296875,852.9293823242188,808.2393798828125,822.9617919921875,823.6757202148438,847.5445556640625,822.9740600585938,819.2158203125,849.6368408203125,857.1436157226562,851.2740478515625,817.3428344726562,859.927734375,,
838.9114990234375,742.2982177734375,841.296630859375,738.9596557617188,835.0953369140625,739.4365844726562,830.5636596679688,742.0597534179688,846.7824096679688,741.5828247070312,821.26171875,768.52978515625,858.7079467773438,768.2913208007812,817.445556640625,800.484619140625,869.679443359375,803.8231811523438,,,863.9552001953125,809.0694580078125,831.9946899414062,823.3776245117188,858.7079467773438,823.6160888671875,828.4170532226562,854.6170654296875,869.202392578125,851.2784423828125,,,870.1564331054688,862.0095825195312
851.191650390625,747.0618896484375,854.9249267578125,742.5877075195312,847.7072143554688,742.5877075195312,843.4761352539062,742.8363037109375,858.6582641601562,743.0848388671875,832.5250854492188,767.19580078125,869.111572265625,769.6814575195312,827.5473022460938,796.5266723632812,881.8048095703125,799.2608642578125,821.8229370117188,902.6646118164062,876.5781860351562,812.9320678710938,842.231689453125,821.38330078125,865.8759765625,820.1405029296875,832.7739868164062,859.9111328125,882.3026123046875,855.6854858398438,821.8229370117188,904.9016723632812,898.4802856445312,891.4791259765625
862.39111328125,743.1365356445312,865.5331420898438,739.4638671875,,,854.0123291015625,743.1365356445312,870.508056640625,743.9235229492188,844.3243408203125,768.3201904296875,880.7197265625,770.4188232421875,839.3494262695312,798.75048828125,891.9786987304688,802.1607666015625,848.7755737304688,813.1786499023438,885.4328002929688,811.6046752929688,852.179443359375,823.147216796875,876.2684936523438,821.3109130859375,842.2296142578125,849.3801879882812,891.7168579101562,848.5932006835938,837.7783813476562,857.7747802734375,,
882.87451171875,741.0220336914062,886.9711303710938,736.3693237304688,880.1434326171875,737.73779296875,875.5005493164062,741.0220336914062,890.5215454101562,740.7483520507812,865.6686401367188,764.8330688476562,901.4459228515625,767.5699462890625,861.572021484375,794.665283203125,909.9122924804688,794.3916015625,866.21484375,809.444580078125,904.996337890625,811.6340942382812,870.5845947265625,816.2868041992188,893.7988891601562,816.0131225585938,860.752685546875,847.4874877929688,911.0047607421875,840.37158203125,,,,
,,894.4384765625,737.4769287109375,,,881.4550170898438,740.3038330078125,897.543212890625,739.1730346679688,872.423095703125,763.2017822265625,907.421875,766.3114013671875,867.6248779296875,791.7535400390625,917.018310546875,797.6900634765625,827.2633666992188,901.1549072265625,912.2200927734375,809.2803955078125,878.0680541992188,817.1956787109375,901.4946899414062,816.6303100585938,867.9071044921875,848.2916870117188,928.3082275390625,848.5744018554688,,,934.2354736328125,894.3703002929688
910.5873413085938,738.2071533203125,914.8046875,735.9590454101562,907.2134399414062,736.2400512695312,904.1207275390625,737.0830688476562,919.30322265625,737.3640747070312,894.5613403320312,760.4073486328125,927.7379760742188,764.341552734375,890.0628662109375,788.5089111328125,928.0191040039062,791.60009765625,898.2164306640625,800.030517578125,931.955322265625,810.7091064453125,898.2164306640625,816.3294067382812,917.3351440429688,816.0484008789062,888.0947265625,861.0108642578125,942.0770263671875,850.61328125,,,936.1727294921875,899.510009765625
919.8388671875,738.0701293945312,922.903076171875,734.7254638671875,916.2174682617188,735.5616455078125,911.2033081054688,737.2339477539062,926.245849609375,736.9552612304688,901.7321166992188,758.4166259765625,934.602783203125,764.5484619140625,897.2750244140625,784.058837890625,934.602783203125,793.8140258789062,,,939.33837890625,808.3074340820312,903.6820678710938,815.55419921875,923.460205078125,816.111572265625,895.8822021484375,859.034423828125,946.8596801757812,850.6728515625,,,936.274169921875,899.44873046875
937.9718017578125,736.4443359375,940.637939453125,732.96826171875,935.0390625,732.96826171875,930.5066528320312,733.2356567382812,945.4369506835938,733.7704467773438,920.1087646484375,755.6964111328125,954.7683715820312,759.9746704101562,914.7764892578125,779.494140625,962.2335205078125,795.5374755859375,921.9750366210938,791.7940673828125,958.234375,798.21142578125,918.5090942382812,810.2439575195312,937.9718017578125,811.5809326171875,927.0407104492188,844.4698486328125,956.3680419921875,850.0850219726562,908.6444091796875,863.4545288085938,940.1046752929688,890.1934814453125
948.4714965820312,733.7479248046875,951.7425537109375,729.9617919921875,944.1939086914062,730.2141723632812,941.677734375,731.2238159179688,956.7749633789062,732.9906616210938,930.6063842773438,753.6882934570312,966.3365478515625,758.484130859375,925.0707397460938,778.6769409179688,975.143310546875,788.01611328125,,,958.5363159179688,789.5305786132812,928.5934448242188,809.723388671875,946.45849609375,811.490234375,940.4196166992188,835.216796875,963.317138671875,846.3228759765625,929.5999145507812,863.234375,944.445556640625,886.2036743164062
960.38134765625,732.1974487304688,963.235107421875,728.1375732421875,968.4669799804688,728.3764038085938,951.5823974609375,731.2421875,967.2778930664062,731.2421875,940.4052734375,753.2134399414062,976.076904296875,757.0345458984375,935.8868408203125,778.050537109375,986.5406494140625,792.8572998046875,,,978.2172241210938,796.2007446289062,941.3565063476562,811.485107421875,964.4241943359375,811.485107421875,955.8629760742188,827.2470703125,973.9366455078125,842.2926025390625,953.96044921875,848.0242919921875,962.997314453125,869.9954833984375
,,,,,,962.0980224609375,730.0888671875,978.1483154296875,730.5486450195312,951.3214111328125,751.9267578125,986.8612670898438,756.7540283203125,947.1941528320312,778.3619995117188,996.7207641601562,792.154296875,962.3272705078125,772.8450927734375,,,952.6971435546875,809.6245727539062,973.1038818359375,810.0842895507812,971.040283203125,827.32470703125,986.4027099609375,842.7261352539062,972.8746337890625,842.9559936523438,,
981.8311157226562,730.7671508789062,984.4964599609375,726.3165283203125,978.4994506835938,726.984130859375,973.8350830078125,729.4319458007812,989.6050415039062,729.6544799804688,962.7294311523438,752.3526000976562,997.3790283203125,757.0256958007812,956.0660400390625,781.5040893554688,1006.707763671875,792.185546875,972.5023803710938,776.8309326171875,999.822265625,794.1882934570312,963.1736450195312,809.9879760742188,983.163818359375,810.2105102539062,978.2772827148438,828.4580078125,1001.1549072265625,838.9169311523438,968.5043334960938,859.1671752929688,,
1003.431884765625,728.513671875,1001.0045776367188,724.5299682617188,1002.10791015625,725.8578491210938,986.6612548828125,728.7350463867188,1001.88720703125,729.1776733398438,975.4072875976562,750.2030639648438,1007.84521484375,756.621337890625,969.4492797851562,779.4172973632812,1014.906494140625,775.876220703125,984.0132446289062,773.441650390625,,,974.083251953125,807.0823364257812,992.1779174804688,807.0823364257812,985.5579223632812,827.6651000976562,1019.54052734375,835.18994140625,976.2899780273438,856.2153930664062,,
1011.4867553710938,789.7872924804688,1013.5075073242188,783.484375,1014.854736328125,724.2820434570312,999.3619995117188,726.7581787109375,1014.854736328125,728.7841186523438,988.58447265625,747.91796875,1019.5698852539062,755.1212768554688,985.6655883789062,773.579833984375,1027.8775634765625,788.4366455078125,,,1025.40771484375,817.47509765625,985.8900756835938,807.3453979492188,1006.0979614257812,804.6441650390625,,,,,976.9088134765625,853.49169921875,,
1021.6107177734375,789.1988525390625,1028.489501953125,778.041015625,1030.14990234375,775.1922607421875,1011.4111328125,724.1512451171875,1028.2523193359375,725.8130493164062,1001.9231567382812,745.0424194335938,1032.0474853515625,753.5888671875,999.0767822265625,768.5450439453125,,,,,,,998.1279296875,797.5078125,1019.9503173828125,802.2557983398438,,,,,,,,
1039.2349853515625,793.2762451171875,1063.3917236328125,761.1713256835938,1033.258056640625,791.0363159179688,1037.98974609375,793.2762451171875,1037.98974609375,793.2762451171875,,,,,,,,,,,998.8906860351562,842.8023681640625,,,,,,,,,,,1079.3302001953125,879.13818359375
1065.63525390625,762.0834350585938,1069.9276123046875,761.8309936523438,1059.575439453125,767.8889770507812,1042.406005859375,791.868408203125,1043.9208984375,791.615966796875,,,,,,,,,,,1007.0570678710938,840.3321533203125,1023.9740600585938,799.9456787109375,,,,,,,,,1081.289794921875,881.475830078125
1079.1026611328125,751.6663208007812,1093.5888671875,750.681396484375,1069.035888671875,767.6707763671875,1051.6031494140625,718.9186401367188,1066.3350830078125,719.1648559570312,,,,,,,,,,,,,,,,,,,1091.133544921875,830.2114868164062,1081.3123779296875,879.4560546875,1082.0489501953125,879.4560546875
1080.645263671875,751.277099609375,1099.2327880859375,746.7410278320312,1062.057861328125,734.087646484375,1056.815185546875,717.8530883789062,1071.58984375,719.2855224609375,,,,,,,,,,,,,,,,,,,1092.560302734375,830.3011474609375,1049.1895751953125,844.386962890625,1082.3133544921875,880.6759643554688
1076.6072998046875,785.5927124023438,1080.94140625,776.6680297851562,1088.4691162109375,755.3861083984375,1069.991943359375,710.7626342773438,1085.2755126953125,711.677978515625,,,,,,,,,,,,,,,,,,,1102.84033203125,826.5548095703125,1080.94140625,850.582763671875,1084.135009765625,874.1531372070312
1083.0174560546875,782.5264282226562,1087.0572509765625,776.0038452148438,1085.710693359375,776.903564453125,1078.977783203125,711.0033569335938,1092.8924560546875,711.4531860351562,,,,,,,,,,,1113.0911865234375,749.0140380859375,1067.0828857421875,789.498779296875,,,,,1115.111083984375,823.6859130859375,,,1099.176513671875,849.3262329101562
1090.9903564453125,781.8631591796875,1094.5433349609375,772.7459716796875,1098.762451171875,746.7286376953125,1086.3271484375,706.7018432617188,1101.4271240234375,707.5913696289062,,,,,,,1102.3154296875,752.0654907226562,,,1127.4080810546875,763.1840209960938,,,,,1125.1875,819.44384765625,1122.9669189453125,819.8885498046875,,,,
1112.52392578125,739.426025390625,1099.715087890625,774.59619140625,1095.7398681640625,779.0200805664062,1095.51904296875,705.8043212890625,1109.873779296875,707.5738525390625,,,1095.960693359375,726.37548828125,1110.97802734375,757.3428955078125,1107.444580078125,747.1679077148438,1134.8291015625,758.4489135742188,1134.387451171875,759.1124877929688,,,,,1134.1666259765625,816.1810302734375,1133.283203125,816.4021606445312,1109.6529541015625,852.4570922851562,1113.1865234375,854.0054931640625
1103.3209228515625,776.3836059570312,1108.40771484375,766.8697509765625,1099.3399658203125,780.1448974609375,1104.4267578125,704.6976318359375,1119.908447265625,705.14013671875,,,1107.302001953125,726.8229370117188,,,1089.387451171875,783.021240234375,,,1141.361572265625,753.5946044921875,,,,,,,1137.380615234375,815.3241577148438,,,,
1110.1884765625,772.5496826171875,1124.082763671875,738.70703125,1108.20361328125,775.4252319335938,1113.0555419921875,706.8550415039062,1126.5087890625,706.8550415039062,,,1121.8773193359375,726.9837036132812,,,1118.3486328125,754.4117431640625,1110.1884765625,847.534423828125,1146.13720703125,748.8819580078125,,,,,,,,,,,,
1118.3192138671875,767.3942260742188,1137.9913330078125,702.27001953125,1138.4383544921875,701.8223876953125,1123.684326171875,703.3889770507812,1137.7677001953125,704.2841186523438,1134.1910400390625,723.7542724609375,1122.566650390625,723.7542724609375,,,1127.7081298828125,751.281005859375,,,1150.95703125,745.6861572265625,,,,,1135.3087158203125,815.0624389648438,,,1106.9183349609375,854.674072265625,,
1124.28662109375,768.1431884765625,1130.261962890625,764.4610595703125,1121.298828125,763.3104248046875,1140.3741455078125,796.6797485351562,1141.29345703125,796.909912109375,,,,,,,1130.951416015625,749.0421142578125,1170.48095703125,729.0205078125,1160.5985107421875,740.5272216796875,,,,,,,,,1112.79541015625,847.7694091796875,,
1193.6898193359375,708.331787109375,1159.84814453125,705.5275268554688,1149.5789794921875,706.4622802734375,1146.078125,704.5927734375,1161.48193359375,705.76123046875,1157.9810791015625,727.260498046875,1145.14453125,725.1572875976562,,,1138.376220703125,741.9827880859375,1128.8072509765625,831.9525756835938,1178.5194091796875,731.9342651367188,,,,,,,1171.9844970703125,816.2954711914062,,,1175.4853515625,869.5762329101562
1167.78759765625,708.332763671875,1166.8392333984375,706.432373046875,1167.0762939453125,706.1948852539062,1150.4791259765625,706.432373046875,1165.4166259765625,706.907470703125,,,1147.8709716796875,724.4855346679688,,,1140.046630859375,743.4888305664062,,,1171.581298828125,740.4008178710938,,,,,,,1173.240966796875,816.176513671875,,,1176.3233642578125,870.098388671875
1150.1488037109375,771.0717163085938,1177.5306396484375,707.8131103515625,1178.959228515625,706.6195678710938,1163.720703125,706.6195678710938,1178.0068359375,708.0518188476562,1173.720947265625,728.1036376953125,1163.720703125,724.52294921875,1166.8160400390625,748.1553955078125,1149.4344482421875,741.9488525390625,1186.102294921875,738.8456420898438,1163.00634765625,754.3618774414062,,,,,,,1180.387939453125,817.3817749023438,,,1176.8162841796875,870.3757934570312
1151.618408203125,771.2288818359375,1165.676513671875,784.3192749023438,1165.676513671875,785.0465087890625,1167.3731689453125,784.3192749023438,1168.100341796875,786.5009765625,,,1164.464599609375,725.6549072265625,1163.252685546875,819.7117919921875,1150.891357421875,741.8966674804688,1154.5269775390625,827.7115478515625,1165.676513671875,756.4415893554688,,,,,,,1182.4007568359375,817.0452880859375,,,1177.310791015625,871.103759765625
1176.156005859375,782.4847412109375,1192.934814453125,707.0550537109375,1169.740478515625,778.5277709960938,1178.1300048828125,706.8077392578125,1192.6881103515625,708.7862548828125,1183.80517578125,729.31298828125,1170.9742431640625,728.3237915039062,,,1155.9227294921875,748.1085815429688,1171.2210693359375,834.172607421875,1167.519775390625,758.742919921875,,,,,,,1186.02587890625,816.6135864257812,,,1177.636474609375,868.7960815429688
1180.9842529296875,757.7661743164062,1183.2591552734375,752.4423217773438,1178.962158203125,752.4423217773438,,,1167.0819091796875,734.6962280273438,,,1177.9510498046875,727.851318359375,,,1162.026611328125,748.8931274414062,,,1167.334716796875,760.0477905273438,,,,,1192.35888671875,793.0047607421875,1190.5894775390625,817.5957641601562,,,1177.9510498046875,869.0594482421875
1206.57861328125,706.848388671875,1206.3291015625,703.8484497070312,1205.33154296875,704.0984497070312,1191.6146240234375,703.3484497070312,1204.0845947265625,706.348388671875,1198.348388671875,722.0979614257812,1187.8736572265625,725.097900390625,1201.590576171875,730.0977783203125,1170.6651611328125,743.347412109375,,,1169.168701171875,763.096923828125,,,1171.912109375,785.8463134765625,1198.0989990234375,791.34619140625,1193.8592529296875,815.8455810546875,1197.350830078125,833.5950927734375,1180.64111328125,860.8444213867188
1210.95751953125,705.0726928710938,1209.970703125,704.0833740234375,1191.220703125,746.1299438476562,1196.1549072265625,702.3519897460938,1207.5035400390625,704.5780029296875,1200.3489990234375,723.3753051757812,1190.9739990234375,721.6439819335938,1190.9739990234375,749.0979614257812,1176.91162109375,745.6353149414062,1195.908203125,745.6353149414062,1168.030029296875,786.4452514648438,1184.8062744140625,779.5198974609375,1181.3524169921875,793.1232299804688,1204.29638671875,794.8545532226562,1194.92138671875,817.3618774414062,1205.0364990234375,829.481201171875,1179.1319580078125,864.8497924804688
1207.64501953125,729.737548828125,1208.1158447265625,726.1943359375,1207.40966796875,726.1943359375,1199.877685546875,702.3369750976562,1212.8232421875,705.40771484375,,,1192.1103515625,717.2183227539062,1165.748291015625,767.5313720703125,1166.6898193359375,768.0037841796875,1175.163330078125,789.4990234375,1176.3402099609375,790.4439086914062,,,,,1204.1143798828125,787.609375,1197.28857421875,813.1202392578125,1206.93896484375,831.5447387695312,1180.106201171875,861.77978515625
1204.3179931640625,744.9662475585938,1204.5447998046875,706.9989624023438,1200.0074462890625,706.5442504882812,1209.0821533203125,732.916748046875,,,,,,,,,,,1177.32080078125,709.2724609375,1178.0013427734375,709.0451049804688,,,,,,,1195.923828125,811.806884765625,1208.1746826171875,832.0409545898438,1185.71484375,849.3195190429688
1200.392822265625,702.1206665039062,1206.902099609375,702.5703125,1203.984130859375,700.546875,1211.840087890625,708.8656005859375,1201.51513671875,701.2213134765625,,,,,,,1216.7781982421875,729.7750244140625,1167.8465576171875,708.6408081054688,1170.3155517578125,707.2918090820312,,,1192.76123046875,758.3287353515625,1200.8416748046875,791.1541748046875,,,1208.0244140625,832.0736694335938,1190.292236328125,834.7716064453125
1212.116943359375,692.3385009765625,1217.1153564453125,688.0133056640625,1209.3905029296875,688.240966796875,1205.3009033203125,687.3304443359375,1205.9825439453125,685.7369384765625,1185.0799560546875,698.4847412109375,1215.9793701171875,714.19189453125,1160.769287109375,709.6390991210938,1226.2034912109375,726.0291748046875,1165.3133544921875,703.2651977539062,1165.3133544921875,703.4927978515625,1173.265380859375,757.898681640625,1191.21435546875,761.7685546875,1203.9376220703125,791.3616943359375,1200.302490234375,804.337158203125,1208.2545166015625,829.832763671875,1186.6702880859375,835.9790649414062
1213.843994140625,687.2352905273438,1225.549072265625,677.8059692382812,1226.4671630859375,676.885986328125,1209.0242919921875,677.345947265625,1224.172119140625,678.7258911132812,1190.892822265625,691.14501953125,1220.2703857421875,706.553955078125,1161.5152587890625,703.5641479492188,,,1172.30224609375,686.7753295898438,1183.54833984375,691.14501953125,1177.810546875,751.630859375,1199.384765625,750.7109375,,,,,1207.647216796875,828.905517578125,1192.040283203125,819.4761352539062
1214.63037109375,682.6060180664062,1221.0701904296875,679.61767578125,1212.100341796875,678.2384643554688,1210.2603759765625,674.7904052734375,1225.4400634765625,678.0086059570312,,,1221.990234375,704.2137451171875,,,1228.2000732421875,707.2020874023438,,,1186.3409423828125,684.6748046875,1195.310791015625,772.4850463867188,1201.9805908203125,770.8759765625,,,,,1204.050537109375,822.5966796875,,
1175.543212890625,741.95654296875,1188.2811279296875,683.7665405273438,1184.2586669921875,683.9903564453125,1213.08642578125,661.1619873046875,1228.2825927734375,668.5476684570312,1197.4434814453125,683.3189697265625,1225.6009521484375,689.8093872070312,1174.4259033203125,696.7473754882812,,,1178.00146484375,685.7808227539062,,,1188.9515380859375,749.5659790039062,1208.170166015625,749.5659790039062,,,,,,,1207.72314453125,826.5557861328125
1186.7493896484375,675.9987182617188,1189.1834716796875,671.5733032226562,1185.4217529296875,670.688232421875,1213.302978515625,662.2799682617188,1227.6861572265625,665.8202514648438,1204.8944091796875,679.0964965820312,1226.801025390625,685.5133666992188,1189.1834716796875,672.015869140625,1223.48193359375,700.781005859375,1197.370849609375,807.8759155273438,1197.1495361328125,807.6546630859375,1189.40478515625,744.5925903320312,1209.3199462890625,742.6011352539062,,,,,,,,
1180.317626953125,740.657958984375,1209.04638671875,658.71826171875,1210.6175537109375,659.1685180664062,1209.04638671875,658.71826171875,1225.4307861328125,661.4196166992188,1198.0487060546875,677.17724609375,1225.6552734375,679.6534423828125,1188.3975830078125,705.0907592773438,1219.8197021484375,700.1383666992188,1176.5020751953125,703.7401123046875,1199.1708984375,697.8872680664062,1194.906494140625,736.6060180664062,1215.77978515625,736.6060180664062,1180.7664794921875,771.0477294921875,1224.532958984375,785.4547119140625,1235.3062744140625,828.2254638671875,,
1183.60693359375,740.5709838867188,1188.019287109375,737.085693359375,1188.25146484375,734.52978515625,1205.4361572265625,658.3179931640625,1221.2275390625,659.712158203125,1198.2371826171875,673.4209594726562,1223.781982421875,678.0679931640625,1206.1328125,708.970947265625,1217.976318359375,699.9091796875,1180.12353515625,709.4356689453125,1189.8770751953125,666.9151000976562,1200.094970703125,730.347412109375,1218.4407958984375,733.600341796875,,,1228.426513671875,771.7062377929688,1243.985595703125,817.0150756835938,,
1184.44287109375,743.9283447265625,1189.429443359375,741.0791015625,1191.8040771484375,700.2405395507812,,,,,,,,,1204.3892822265625,712.8245239257812,,,1184.6802978515625,715.6737060546875,,,,,,,1178.2689208984375,772.1829223632812,1231.9344482421875,775.26953125,1250.21875,808.7476806640625,,
,,1208.365478515625,663.8137817382812,1201.327392578125,664.540771484375,1196.4736328125,659.209716796875,1212.4912109375,658.9673461914062,1194.2894287109375,679.3223876953125,1216.374267578125,680.2916870117188,1208.122802734375,713.974365234375,,,1186.7659912109375,719.7901000976562,1189.6783447265625,718.82080078125,1203.51171875,730.9368896484375,1220.5,728.7559814453125,1178.7572021484375,774.0701293945312,1233.6053466796875,776.4933471679688,1200.356689453125,810.4183959960938,,
1198.056884765625,664.2722778320312,1201.2679443359375,660.3151245117188,1194.104736328125,660.8097534179688,1191.881591796875,662.04638671875,1207.9371337890625,661.0570678710938,1208.18408203125,682.326904296875,1211.6422119140625,680.1010131835938,1209.6661376953125,715.220947265625,,,1185.45947265625,727.33984375,1182.2484130859375,690.2412719726562,1204.72607421875,735.9961547851562,1220.781494140625,732.5336303710938,1182.0013427734375,777.5465087890625,1230.6617431640625,773.836669921875,1204.9730224609375,811.924560546875,,
,,1190.496826171875,666.1700439453125,1190.247802734375,666.1700439453125,1189.9989013671875,666.1700439453125,1203.69140625,666.1700439453125,1198.7122802734375,681.0798950195312,1209.16845703125,680.0858764648438,1200.2060546875,721.5848999023438,,,1179.791748046875,734.5067138671875,1183.277099609375,699.2201538085938,1203.69140625,733.5127563476562,1217.6328125,730.53076171875,1186.513427734375,783.4606323242188,1228.0889892578125,779.981689453125,1211.9068603515625,818.001708984375,1248.25439453125,802.346435546875
1189.9537353515625,667.6276245117188,1193.43408203125,661.6625366210938,1186.224853515625,663.6509399414062,1197.90869140625,664.3965454101562,1182.74462890625,665.3907470703125,1202.6318359375,684.7771606445312,1206.1121826171875,684.031494140625,1193.1854248046875,722.5557861328125,1194.4283447265625,722.0587158203125,1177.027099609375,737.2199096679688,1177.275634765625,736.9713745117188,1203.626220703125,742.9364013671875,1218.790283203125,740.202392578125,1190.450927734375,787.67431640625,1219.7845458984375,779.9694213867188,1214.564208984375,820.9791870117188,1241.163330078125,797.8646240234375
,,,,,,1180.5015869140625,665.03515625,1194.5740966796875,664.540283203125,1186.6737060546875,688.292236328125,1203.955810546875,685.0758056640625,1186.179931640625,719.2191772460938,1187.6612548828125,717.7346801757812,1168.8978271484375,736.7857055664062,1173.094970703125,734.3115234375,1202.2275390625,740.0021362304688,1218.0283203125,738.2702026367188,1190.376953125,788.2481689453125,1209.6341552734375,774.6403198242188,1213.5843505859375,818.927734375,1235.0634765625,792.2068481445312
,,,,,,1175.3935546875,664.091064453125,1190.608642578125,662.3431396484375,1173.3980712890625,687.8129272460938,1201.8328857421875,680.8212280273438,1174.3958740234375,709.2874755859375,1214.3043212890625,703.5442504882812,,,,,1198.0914306640625,736.0057373046875,1214.054931640625,734.507568359375,1192.853515625,788.19384765625,1203.3294677734375,767.21875,1214.5537109375,820.4056396484375,,
,,,,,,1175.2294921875,662.1174926757812,1190.513671875,661.1134643554688,1178.9879150390625,685.9637451171875,1201.538330078125,682.4495849609375,1171.7216796875,709.0570068359375,1214.31689453125,688.9759521484375,,,1215.5697021484375,689.2269287109375,1196.2764892578125,734.660400390625,1211.3101806640625,734.911376953125,1193.77099609375,786.6201782226562,1202.2900390625,762.0208129882812,1215.8201904296875,821.0089721679688,1222.8359375,786.8711547851562
,,,,,,1173.7872314453125,652.9844970703125,1189.8697509765625,652.9844970703125,1165.3748779296875,674.4967651367188,1198.7769775390625,671.77685546875,1161.4161376953125,696.0090942382812,1222.2822265625,685.1292724609375,1208.92138671875,689.5801391601562,1206.4471435546875,689.5801391601562,1183.1893310546875,726.17578125,1202.240966796875,728.895751953125,1193.5811767578125,776.86572265625,1203.47802734375,770.436767578125,1210.6533203125,813.9559326171875,1211.148193359375,785.767333984375
,,,,,,1173.4375,650.5460205078125,1189.5986328125,650.7872924804688,1163.0655517578125,672.0166015625,1198.0408935546875,669.8453979492188,1158.2413330078125,702.1718139648438,1213.478271484375,679.0125732421875,1170.54296875,694.4520874023438,1215.649169921875,683.1137084960938,1180.673828125,723.642333984375,1199.4881591796875,726.7785034179688,1193.2166748046875,774.78564453125,1193.6990966796875,748.9727783203125,1208.412841796875,811.4544677734375,1208.171630859375,786.1240234375
1180.2274169921875,643.742919921875,1183.3232421875,640.8800048828125,1177.3697509765625,640.1642456054688,1172.3687744140625,644.4586181640625,1187.37158203125,644.935791015625,1160.9381103515625,664.7377319335938,1194.7540283203125,665.6920166015625,1152.84130859375,688.595458984375,1213.0908203125,685.9710693359375,1157.365966796875,711.26025390625,1211.423828125,684.5396118164062,1170.2255859375,717.4632568359375,1190.9437255859375,718.1790161132812,1182.60888671875,772.8131713867188,1193.563232421875,770.666015625,1195.70654296875,788.5592651367188,,
1178.323486328125,642.80712890625,1181.58984375,639.53466796875,1175.29052734375,639.53466796875,1171.091064453125,642.5734252929688,1186.022705078125,643.0408935546875,1158.02587890625,662.6755981445312,1192.5552978515625,666.1817626953125,1149.860107421875,690.2576293945312,1204.9205322265625,688.6213989257812,1151.4931640625,714.8009643554688,1204.9205322265625,688.1539306640625,1165.49169921875,719.4758911132812,1186.72265625,719.2421875,1171.3243408203125,753.8366088867188,1190.22216796875,748.46044921875,,,1199.3211669921875,783.9898681640625
1175.203369140625,642.9800415039062,1178.615478515625,639.5669555664062,1172.246337890625,639.5669555664062,1167.4693603515625,641.8423461914062,1182.0274658203125,642.0698852539062,1156.3233642578125,661.6380615234375,1190.2164306640625,665.5061645507812,1147.4520263671875,680.9786376953125,1196.1307373046875,685.7569580078125,,,,,1162.237548828125,715.3367309570312,1184.30224609375,714.8816528320312,1162.919921875,747.87451171875,1191.353759765625,747.41943359375,1165.1947021484375,756.5208740234375,1199.9976806640625,787.9209594726562
1169.2568359375,640.7389526367188,1171.9814453125,637.3281860351562,1166.0782470703125,637.3281860351562,1161.537353515625,638.0103149414062,1176.5223388671875,638.465087890625,1151.09326171875,659.1572875976562,1185.8311767578125,662.11328125,1138.151611328125,676.2113037109375,1188.1016845703125,684.6245727539062,,,1172.66259765625,686.8984375,1156.7694091796875,711.68359375,1178.7928466796875,710.3192749023438,1155.8612060546875,739.6521606445312,1189.0098876953125,741.6986694335938,1163.5806884765625,765.8016357421875,1198.7728271484375,784.219970703125
1161.2830810546875,635.7542724609375,1165.1910400390625,632.5333251953125,1156.9154052734375,632.3032836914062,1153.927001953125,633.9136962890625,1169.328857421875,633.9136962890625,1144.27197265625,655.079833984375,1178.294189453125,656.2301635742188,1129.329833984375,671.8746337890625,1180.8228759765625,681.307373046875,1125.421875,697.1819458007812,1197.1444091796875,777.47509765625,1150.9384765625,707.0748291015625,1172.777099609375,707.0748291015625,1149.5592041015625,726.6304321289062,1184.5009765625,735.8330688476562,1152.3177490234375,765.2815551757812,1195.76513671875,774.7142333984375
1152.915771484375,630.2354125976562,1157.189208984375,626.2012329101562,1147.93017578125,626.2012329101562,1145.5560302734375,628.3369750976562,1160.2755126953125,628.0996704101562,1136.534423828125,648.7451782226562,1169.059814453125,649.4570922851562,1121.81494140625,666.7803344726562,1172.8583984375,675.0859985351562,1118.4912109375,691.2227172851562,1196.1246337890625,774.75390625,1144.6064453125,701.6640625,1166.923095703125,700.9521484375,1140.0955810546875,722.546875,1178.0814208984375,733.462890625,1137.9588623046875,758.8544921875,1194.225341796875,770.0078735351562
1148.748779296875,623.185546875,1148.26123046875,620.2613525390625,1151.1865234375,621.9671630859375,1135.82861328125,622.6981811523438,1150.698974609375,622.6981811523438,1129.0029296875,642.1928100585938,1159.2310791015625,643.6549072265625,1117.7891845703125,661.4437255859375,1165.3255615234375,660.468994140625,1190.190673828125,764.27783203125,1189.9468994140625,763.7904663085938,1138.9976806640625,691.904052734375,1160.2061767578125,691.660400390625,1132.415771484375,707.9871215820312,1171.1761474609375,730.1622314453125,1126.3214111328125,746.732666015625,,
1135.1217041015625,618.805419921875,1138.5635986328125,615.853271484375,1130.45068359375,615.853271484375,1127.5006103515625,617.8213500976562,1141.759521484375,616.8373413085938,1120.86279296875,638.486328125,1151.3475341796875,638.9783935546875,1108.570556640625,663.3335571289062,1157.49365234375,659.1513671875,1102.670166015625,684.9825439453125,,,1132.41748046875,687.688720703125,1154.0517578125,687.4426879882812,1124.7962646484375,708.5997314453125,1165.3607177734375,723.3604125976562,1119.141845703125,737.8751220703125,1180.848876953125,752.6358032226562
1122.6287841796875,611.5582275390625,,,,,1115.06689453125,610.3408813476562,1129.458740234375,609.12353515625,1108.724853515625,633.7138671875,1139.2159423828125,632.4965209960938,1101.1629638671875,656.8433837890625,1149.94873046875,660.7388916015625,1098.479736328125,678.025146484375,1163.6087646484375,734.996826171875,1121.1651611328125,682.6510620117188,1141.899169921875,681.4337158203125,1115.7987060546875,705.7805786132812,1148.4852294921875,706.7544555664062,1117.5062255859375,742.057373046875,1162.38916015625,734.7532958984375
1149.911865234375,661.1448364257812,1148.2359619140625,653.9468994140625,1147.2781982421875,653.9468994140625,1111.3643798828125,608.1201782226562,1125.72998046875,607.6403198242188,1105.3787841796875,631.1535034179688,1136.0252685546875,630.6736450195312,1098.914306640625,651.3076782226562,1148.2359619140625,663.30419921875,1094.125732421875,676.0205078125,1163.798583984375,742.0014038085938,1116.8712158203125,681.2990112304688,1138.41943359375,681.05908203125,1113.27978515625,703.3726196289062,1144.4051513671875,706.49169921875,1116.8712158203125,744.880615234375,1151.3485107421875,724.4865112304688
1109.4521484375,599.9423828125,,,,,1102.411376953125,598.7680053710938,1117.1968994140625,598.2982788085938,1094.6666259765625,620.1416625976562,1128.227294921875,620.8463134765625,1088.0953369140625,634.4690551757812,1142.778076171875,646.91748046875,1087.1566162109375,633.529541015625,1142.778076171875,651.1452026367188,1107.105224609375,673.2235107421875,1127.28857421875,670.639892578125,1109.4521484375,700.4690551757812,1129.635498046875,695.5366821289062,1117.1968994140625,738.2839965820312,1135.26806640625,713.15234375
1107.7674560546875,595.776611328125,1110.5345458984375,591.84423828125,1103.847412109375,591.84423828125,1100.157958984375,594.3887329101562,1114.45458984375,593.9260864257812,1090.703857421875,616.5950317382812,1125.0616455078125,616.8262939453125,1085.8614501953125,648.053955078125,1139.8194580078125,639.263916015625,1092.08740234375,651.523681640625,1140.7418212890625,646.4346923828125,1102.925048828125,667.947021484375,1122.986328125,665.402587890625,1107.7674560546875,698.2493896484375,1125.292236328125,692.9291381835938,1116.760498046875,735.7225341796875,1128.7510986328125,706.5767822265625
,,,,,,1092.9920654296875,580.9840698242188,1107.7677001953125,580.7567749023438,1083.8994140625,602.1221313476562,1117.087646484375,604.8496704101562,1074.3521728515625,630.0789794921875,1129.5899658203125,623.942138671875,1086.172607421875,635.5339965820312,1126.1802978515625,643.0346069335938,1091.628173828125,658.2631225585938,1111.4046630859375,655.5355834960938,1097.083740234375,686.4472045898438,1112.7685546875,682.810546875,1107.7677001953125,726.905029296875,1121.6339111328125,713.267578125
1095.105712890625,577.7109985351562,,,1091.8094482421875,574.1905517578125,1088.51318359375,574.630615234375,1102.5771484375,574.630615234375,1078.404541015625,593.5531616210938,1112.2462158203125,598.393798828125,1070.4935302734375,622.5970458984375,1123.67333984375,617.3163452148438,1080.38232421875,626.7776489257812,1119.0584716796875,637.55908203125,1083.0194091796875,647.0203857421875,1103.4561767578125,647.46044921875,1088.0736083984375,678.2645874023438,1106.97216796875,676.2843017578125,1092.6883544921875,709.0687255859375,1113.7845458984375,705.3282470703125
1089.9835205078125,570.468994140625,,,1086.5126953125,565.4696655273438,1083.0418701171875,567.643310546875,1097.5760498046875,568.0780029296875,1072.1954345703125,588.5101928710938,1104.95166015625,591.988037109375,1063.7352294921875,616.332763671875,1116.0150146484375,610.24658203125,1075.4493408203125,619.1585083007812,1118.184326171875,622.6362915039062,1076.317138671875,641.1121826171875,1096.7083740234375,641.1121826171875,1078.7032470703125,671.5431518554688,1101.2637939453125,671.5431518554688,1080.6556396484375,702.19140625,1108.639404296875,708.7122802734375
1084.8284912109375,564.9598999023438,,,1080.099365234375,560.442626953125,1077.08984375,564.3145751953125,1091.2774658203125,564.7448120117188,1065.91162109375,584.9649658203125,1099.231201171875,589.052001953125,1056.883056640625,611.853515625,1110.8392333984375,610.1326293945312,1069.781005859375,614.864990234375,1106.5400390625,627.3412475585938,1068.4912109375,636.3757934570312,1089.1278076171875,636.5909423828125,1069.5660400390625,668.4269409179688,1095.5767822265625,666.9212036132812,1068.4912109375,697.466552734375,1102.8856201171875,704.7802124023438
1078.6331787109375,563.2388916015625,1081.2060546875,559.369873046875,1073.70166015625,559.5848388671875,1071.1287841796875,562.3790893554688,1085.2799072265625,562.3790893554688,1060.408203125,581.723876953125,1094.28515625,587.097412109375,1052.4749755859375,605.7974243164062,1106.7210693359375,612.4606323242188,1065.7684326171875,609.0215454101562,1106.0777587890625,609.451416015625,1061.480224609375,632.880126953125,1083.779052734375,633.0950927734375,1059.9793701171875,664.906494140625,1089.353759765625,664.4766235351562,1056.1199951171875,706.6052856445312,1095.7860107421875,696.5029907226562
1070.7138671875,563.787841796875,,,1066.8272705078125,560.115234375,1064.4521484375,561.1954345703125,1078.487060546875,561.843505859375,1053.440185546875,582.1509399414062,1087.1239013671875,586.03955078125,1045.019287109375,606.9951171875,1099.431396484375,606.1309204101562,1057.9744873046875,609.8035888671875,1103.10205078125,613.6921997070312,1055.8153076171875,631.8392333984375,1077.1915283203125,631.8392333984375,1048.68994140625,663.5965576171875,1083.453125,662.948486328125,1042.2122802734375,702.051025390625,1090.57861328125,695.7859497070312
,,,,1060.34423828125,558.7366333007812,1057.9432373046875,563.1102294921875,1072.785888671875,563.1102294921875,1047.902587890625,583.8846435546875,1081.735107421875,587.164794921875,1040.2630615234375,605.75244140625,1096.7960205078125,614.0621948242188,1053.5777587890625,599.1920776367188,1085.88232421875,622.809326171875,1049.8670654296875,634.617919921875,1071.912841796875,634.3992309570312,1039.608154296875,656.2670288085938,1077.80615234375,663.0460205078125,1030.004150390625,691.9115600585938,1085.6640625,696.28515625
1057.1480712890625,563.8800048828125,1059.6207275390625,560.058349609375,1053.32666015625,561.182373046875,1050.85400390625,564.3296508789062,1064.56591796875,564.1048583984375,1041.188232421875,584.7870483398438,1073.557373046875,587.03515625,1033.7703857421875,611.9887084960938,1086.1453857421875,616.7096557617188,1032.421630859375,602.322021484375,1076.704345703125,619.4073486328125,1043.8857421875,633.5701293945312,1065.68994140625,634.2445678710938,1030.3985595703125,653.802734375,1071.759033203125,662.5702514648438,,,1080.3009033203125,684.8261108398438
1046.0330810546875,564.842041015625,1048.3636474609375,560.87353515625,1042.0712890625,561.3404541015625,1038.575439453125,563.9082641601562,1052.325439453125,563.6748657226562,1029.95263671875,583.750732421875,1062.812744140625,586.318603515625,1022.0288696289062,609.42919921875,1070.50341796875,614.0980224609375,1029.25341796875,619.7005615234375,1062.812744140625,620.6343383789062,1032.51611328125,631.8394775390625,1053.49072265625,633.9404296875,1022.0288696289062,651.448486328125,1061.181396484375,661.4864501953125,1079.825439453125,689.4993286132812,1079.592529296875,689.4993286132812
1041.5867919921875,564.3370971679688,1045.2071533203125,561.4442749023438,1037.2423095703125,561.4442749023438,1034.5872802734375,563.3728637695312,1048.82763671875,563.3728637695312,1024.932861328125,582.6583251953125,1058.4820556640625,586.2744140625,1017.209228515625,606.7652587890625,1064.757568359375,612.5509033203125,1026.8636474609375,615.20263671875,1054.8616943359375,621.2293701171875,1028.070556640625,632.0774536132812,1049.7930908203125,633.7649536132812,1016.485107421875,651.1218872070312,1056.7926025390625,661.0057373046875,999.5897827148438,672.5770263671875,1076.584228515625,685.1126098632812
1027.0986328125,565.6533203125,1030.768798828125,561.9795532226562,1023.6732788085938,562.2244873046875,1021.47119140625,563.9389038085938,1035.1728515625,564.183837890625,1013.15234375,582.5526123046875,1044.959716796875,587.9407958984375,1003.8547973632812,603.8603515625,1049.3638916015625,614.391845703125,1017.311767578125,608.7587280273438,1042.023681640625,620.02490234375,1012.1736450195312,633.495361328125,1033.949462890625,633.495361328125,1003.8547973632812,651.374267578125,1044.2257080078125,661.90576171875,995.5359497070312,672.4371337890625,1067.2249755859375,684.9279174804688
1024.444580078125,566.3458862304688,1027.398193359375,562.156982421875,1021.244873046875,563.8818359375,1017.3067626953125,564.6210327148438,1031.0902099609375,564.6210327148438,1007.7075805664062,582.8551025390625,1039.458740234375,588.0296020507812,998.3545532226562,607.7421264648438,1044.13525390625,616.3663330078125,1012.6302490234375,608.727783203125,1035.2744140625,621.5408935546875,1008.1998901367188,632.8755493164062,1028.62890625,633.61474609375,1000.3236083984375,651.109619140625,1037.98193359375,659.2410278320312,995.6470947265625,674.7646484375,,
1011.3248291015625,565.4047241210938,1014.182373046875,562.5416259765625,1007.5147705078125,562.5416259765625,1005.3716430664062,564.68896484375,1019.4212036132812,565.1661376953125,994.6558837890625,581.8676147460938,1026.0887451171875,588.5482177734375,985.3689575195312,607.39697265625,1030.136962890625,609.5443115234375,985.6070556640625,596.1831665039062,1026.326904296875,622.189697265625,994.89404296875,629.8246459960938,1014.4205322265625,630.063232421875,996.5609130859375,648.1962280273438,1024.6600341796875,658.2171020507812,994.4177856445312,674.2027587890625,1037.9951171875,682.31494140625
1004.7892456054688,562.64208984375,1007.3116455078125,559.4223022460938,1001.120361328125,559.4223022460938,998.8273315429688,561.4921264648438,1011.8977661132812,561.7221069335938,987.8206176757812,580.8108520507812,1019.6942138671875,586.1004638671875,980.4827880859375,603.1193237304688,1023.1337890625,607.489013671875,,,1022.9044799804688,619.908203125,987.8206176757812,630.7174682617188,1006.1651000976562,632.327392578125,993.323974609375,644.2865600585938,1017.401123046875,657.3956909179688,993.323974609375,671.6547241210938,1023.1337890625,684.9938354492188
999.4423217773438,559.37890625,1001.4261474609375,556.5046997070312,994.8133544921875,556.7257690429688,992.168212890625,558.7156372070312,1006.0551147460938,558.9367065429688,981.3673095703125,577.9507446289062,1013.1087646484375,583.2570190429688,975.8565673828125,604.7030639648438,1018.3990478515625,615.3155517578125,,,,,981.1468505859375,629.6865844726562,997.45849609375,629.90771484375,991.9478149414062,643.1732788085938,1008.4798583984375,652.0170288085938,992.168212890625,673.9052734375,1006.0551147460938,681.4224853515625
992.42041015625,555.0009765625,994.5391845703125,552.026123046875,988.8185424804688,552.026123046875,986.0641479492188,554.363525390625,999.8360595703125,554.5759887695312,976.5297241210938,573.4873657226562,1005.7686157226562,578.162109375,968.4783935546875,600.2607421875,1002.8023681640625,600.6857299804688,982.0385131835938,595.5860595703125,1014.24365234375,610.2476806640625,975.6821899414062,624.059326171875,992.6322631835938,623.8468627929688,986.91162109375,646.5830078125,1000.0479736328125,648.495361328125,989.666015625,674.8438110351562,994.3272705078125,674.8438110351562
960.201171875,593.7867431640625,,,,,980.01904296875,550.178466796875,994.2044677734375,549.9698486328125,970.21435546875,567.7052612304688,1001.0885620117188,573.1301879882812,963.1217041015625,593.3694458007812,1009.4329223632812,604.0107421875,,,1001.0885620117188,609.2269897460938,967.7110595703125,615.0692749023438,983.7739868164062,616.9471435546875,982.313720703125,643.654541015625,991.0753173828125,644.6978149414062,,,980.6448364257812,677.87353515625
980.73291015625,547.9281616210938,983.2072143554688,544.4226684570312,977.0214233398438,544.01025390625,975.1656494140625,546.4846801757812,988.362060546875,547.3095092773438,965.2683715820312,562.77490234375,993.9292602539062,569.5796508789062,957.4330444335938,589.3753662109375,1001.1460571289062,579.8899536132812,,,1001.7646484375,602.1600952148438,958.8764038085938,614.94482421875,974.547119140625,613.7075805664062,978.258544921875,641.5452880859375,984.2381591796875,642.9887084960938,981.145263671875,670.0015869140625,971.4542236328125,683.8173217773438
975.6798095703125,547.1905517578125,977.5100708007812,544.1351928710938,971.2059326171875,544.5426025390625,969.1723022460938,544.7462768554688,982.3907470703125,544.949951171875,960.6311645507812,561.448974609375,986.4579467773438,566.7449951171875,951.276611328125,592.2064208984375,985.6444702148438,589.9658203125,953.9202880859375,576.9295654296875,996.015869140625,601.5762329101562,953.1068115234375,613.7977294921875,968.5621948242188,611.7608032226562,970.7991943359375,639.8702392578125,978.730224609375,641.0924072265625,973.646240234375,673.6830444335938,964.0883178710938,683.460205078125
975.193359375,594.9293823242188,976.8171997070312,587.8005981445312,976.208251953125,586.9859008789062,963.0142822265625,543.6023559570312,975.8023071289062,544.0097045898438,955.50390625,561.3223876953125,977.629150390625,566.0070190429688,946.7755737304688,584.1343994140625,972.3515625,597.37353515625,,,961.1874389648438,583.3197021484375,944.7457885742188,610.0015869140625,960.1725463867188,609.59423828125,960.37548828125,636.0724487304688,974.1784057617188,641.7754516601562,,,953.2710571289062,683.3258666992188
965.59521484375,590.6473999023438,967.626708984375,585.5546875,964.3762817382812,585.3509521484375,951.171630859375,546.4425048828125,964.5794677734375,546.0350341796875,946.2960205078125,562.5355224609375,968.6423950195312,568.8505249023438,940.2015380859375,581.48046875,977.3778076171875,594.314208984375,,,,,934.716552734375,607.5552978515625,948.7338256835938,609.9998168945312,953.203125,636.4820556640625,967.4235229492188,646.2600708007812,935.7322998046875,678.4461669921875,941.6235961914062,679.260986328125
,,,,958.40673828125,595.85107421875,948.4471435546875,548.7760009765625,960.236083984375,548.1646728515625,942.9591674804688,563.652587890625,962.2686767578125,568.54345703125,,,969.5859375,578.73291015625,,,974.87060546875,594.424560546875,931.1702270507812,612.35791015625,945.6015014648438,613.9882202148438,946.008056640625,637.6276245117188,963.6914672851562,646.798095703125,931.9832763671875,679.4041748046875,938.89404296875,676.958740234375
948.9029541015625,550.0827026367188,949.102294921875,547.082763671875,947.3082275390625,547.2827758789062,937.1419067382812,548.4827270507812,949.102294921875,548.6827392578125,933.3544921875,565.0822143554688,953.0890502929688,569.6820678710938,929.1683349609375,585.4815673828125,,,940.7300415039062,607.4808959960938,940.5307006835938,607.2809448242188,921.1947631835938,613.480712890625,931.5604248046875,607.680908203125,,,,,,,920.1980590820312,679.878662109375
939.406982421875,610.107177734375,947.762939453125,591.2293090820312,946.7681884765625,590.6331787109375,933.6373291015625,549.6979370117188,945.972412109375,549.300537109375,930.0562133789062,565.3964233398438,949.7525024414062,568.1784057617188,,,,,,,,,918.5170288085938,615.8699340820312,927.8677368164062,610.504638671875,,,948.5587768554688,653.824462890625,914.1400756835938,683.8303833007812,914.1400756835938,683.8303833007812
928.7584228515625,553.626220703125,930.9627075195312,550.4241943359375,925.55224609375,551.2247314453125,923.54833984375,550.824462890625,935.972412109375,550.0239868164062,,,922.1456298828125,567.2345581054688,,,,,,,931.1630859375,604.4574584960938,,,917.7371215820312,610.260986328125,,,,,930.9627075195312,668.496826171875,,
923.6522216796875,610.987548828125,925.46875,607.5602416992188,923.6522216796875,607.9634399414062,915.9823608398438,551.3118286132812,928.4962768554688,550.1021728515625,,,,,910.53271484375,677.921142578125,909.92724609375,678.5259399414062,,,922.8448486328125,607.5602416992188,,,913.7621459960938,610.3826904296875,,,,,897.0096435546875,697.4769897460938,896.8078002929688,697.6785888671875
913.7291870117188,556.213623046875,916.193359375,552.4995727539062,911.2650756835938,553.324951171875,909.8276977539062,552.4995727539062,921.12158203125,550.4362182617188,909.211669921875,568.8001708984375,923.38037109375,569.2128295898438,,,,,,,,,910.4437255859375,643.7003784179688,917.2200317382812,639.7799682617188,921.326904296875,665.7783813476562,920.3001708984375,665.7783813476562,897.507080078125,698.792236328125,898.5338134765625,698.3795776367188
911.9166259765625,610.6490478515625,912.752197265625,603.9720458984375,911.4989013671875,603.763427734375,901.8899536132812,550.3477172851562,914.2144165039062,547.6351928710938,903.3521728515625,567.874755859375,916.7210693359375,568.2920532226562,,,,,,,904.814453125,576.220947265625,891.4454956054688,615.2394409179688,,,,,918.183349609375,664.064697265625,,,896.8766479492188,699.953369140625
912.2351684570312,573.5508422851562,887.2514038085938,629.1937255859375,886.41162109375,629.1937255859375,894.5995483398438,548.9840087890625,906.9864501953125,547.7241821289062,,,902.5775756835938,564.5220336914062,,,894.8095092773438,592.0285034179688,,,896.0692138671875,577.5403442382812,,,896.4890747070312,622.89453125,,,914.7545166015625,657.330078125,,,897.328857421875,700.1646118164062
,,,,880.0809936523438,629.2490234375,887.215576171875,546.8839721679688,900.1875610351562,544.289794921875,,,894.5663452148438,562.4490356445312,,,905.8087158203125,566.1240844726562,868.838623046875,661.4600219726562,921.8074951171875,584.931884765625,879.0,616.9266967773438,891.107177734375,618.872314453125,,,908.4031372070312,657.5687866210938,,,896.2959594726562,699.5079345703125
895.5128784179688,602.0357666015625,893.0657958984375,540.822509765625,894.4005737304688,540.3773193359375,881.275390625,544.8292236328125,894.4005737304688,540.822509765625,,,899.9620361328125,561.0785522460938,,,892.8433227539062,585.7864379882812,912.1973876953125,582.447509765625,912.1973876953125,582.6701049804688,881.275390625,630.5277099609375,892.8433227539062,630.972900390625,884.389892578125,650.115966796875,901.7417602539062,655.6807861328125,855.025146484375,669.7042236328125,895.2904052734375,699.9769287109375
888.5907592773438,543.2233276367188,886.329833984375,539.8298950195312,878.6426391601562,544.5806884765625,887.4602661132812,539.6036376953125,887.2341918945312,539.6036376953125,,,885.1993408203125,559.9642333984375,,,883.390625,584.1707763671875,912.33056640625,558.8331298828125,903.5128784179688,578.0625610351562,,,881.3557739257812,605.6624755859375,881.3557739257812,648.64599609375,897.1823120117188,650.6820678710938,849.4766235351562,674.4360961914062,890.1734008789062,697.2852783203125
877.7396850585938,598.9080810546875,876.3914184570312,573.278076171875,871.8973388671875,573.278076171875,883.132568359375,597.55908203125,,,,,,,,,873.4702758789062,585.8682250976562,,,888.7501220703125,576.8753051757812,,,884.0313720703125,629.933837890625,878.8631591796875,646.57080078125,891.89599609375,650.16796875,852.7975463867188,670.4022216796875,872.796142578125,690.6363525390625
861.5753784179688,623.1202392578125,861.1279296875,618.4205322265625,859.3382568359375,618.644287109375,876.340576171875,600.0691528320312,871.4188842773438,547.7005615234375,,,,,,,869.8528442382812,584.8509521484375,898.2647094726562,550.833740234375,887.3026733398438,577.6893920898438,,,,,,,,,864.4837036132812,689.8118896484375,,
857.6930541992188,625.400390625,857.473388671875,621.66015625,856.155517578125,621.4401245117188,859.4501953125,545.7545166015625,869.773681640625,540.0340576171875,877.4613647460938,581.837158203125,,,,,863.4038696289062,585.5774536132812,,,877.900634765625,572.156494140625,,,,,,,,,848.9071044921875,672.48388671875,,
,,855.46923828125,622.3145751953125,864.7342529296875,529.4638061523438,856.7928466796875,548.9182739257812,865.6166381835938,541.4017333984375,876.4259033203125,582.742431640625,,,858.998779296875,588.71142578125,860.3223876953125,588.0482177734375,,,875.7640991210938,571.6887817382812,,,872.013916015625,636.0211181640625,858.1163940429688,656.1387939453125,857.2340087890625,656.1387939453125,843.1158447265625,687.0889892578125,842.895263671875,688.1943969726562
865.55078125,600.4943237304688,867.9796142578125,596.08447265625,865.3299560546875,596.304931640625,869.74609375,595.6434326171875,847.66552734375,621.000244140625,864.6675415039062,601.3762817382812,857.8225708007812,562.5693359375,,,852.7440795898438,589.9105834960938,,,865.1091918945312,578.6654052734375,856.9393920898438,641.7266845703125,857.601806640625,643.0496826171875,,,,,834.8588256835938,691.7788696289062,834.6380004882812,691.5584106445312
859.2033081054688,604.429443359375,863.9415283203125,599.698974609375,857.4803466796875,598.4088134765625,867.3875122070312,600.1290283203125,843.9118041992188,621.8463134765625,,,,,,,847.3577880859375,591.0980224609375,,,857.4803466796875,580.346923828125,,,855.9727172851562,644.4237060546875,,,,,833.789306640625,692.8038330078125,,
859.02294921875,600.5639038085938,861.6046142578125,597.757568359375,858.1624145507812,596.2464599609375,,,855.1505126953125,593.2242431640625,,,,,,,843.533203125,589.3385009765625,,,850.6326904296875,580.91943359375,851.06298828125,637.0465087890625,860.0986328125,638.341796875,852.5689086914062,648.7037353515625,860.7440185546875,659.7132568359375,834.49755859375,692.3101196289062,,
837.2723999023438,554.6782836914062,838.5892333984375,550.7230224609375,835.5166625976562,550.7230224609375,842.5396728515625,546.9874267578125,,,,,,,,,,,,,,,850.4406127929688,637.0802001953125,855.2689208984375,635.5420532226562,,,,,834.8582763671875,692.2345581054688,835.5166625976562,692.0147705078125
857.1143798828125,564.8067016601562,855.9976196289062,583.5843505859375,848.8501586914062,582.690185546875,837.4589233398438,558.1004028320312,835.8954467773438,618.233642578125,,,,,,,,,,,831.875,526.8043212890625,,,,,,,,,836.5654907226562,689.9910888671875,837.01220703125,689.9910888671875
851.8460083007812,590.606689453125,854.1381225585938,588.7709350585938,847.7200927734375,580.9688720703125,858.2640380859375,585.787841796875,844.0526733398438,579.821533203125,,,836.2593383789062,597.4908447265625,,,,,,,824.3401489257812,669.544921875,854.5965576171875,632.1410522460938,849.0953979492188,632.5999755859375,,,850.470703125,652.3345336914062,,,836.947021484375,689.2794189453125
850.0802612304688,586.1979370117188,853.1292114257812,581.251708984375,847.0313720703125,581.7227783203125,855.474609375,581.4871826171875,841.4025268554688,579.1318359375,852.4256591796875,593.4995727539062,834.366455078125,593.2640380859375,,,,,,,,,853.8328247070312,626.0036010742188,846.3277587890625,628.3589477539062,833.6629028320312,652.854736328125,846.0932006835938,653.5613403320312,828.97216796875,660.1563720703125,839.0571899414062,686.0653686523438
840.5274658203125,542.301513671875,849.0828857421875,549.215087890625,837.9132690429688,540.3943481445312,850.0335083007812,549.69189453125,848.3699340820312,550.4071044921875,837.2003173828125,569.47900390625,850.2711791992188,563.7574462890625,,,,,823.4165649414062,546.8311157226562,853.1229858398438,611.19873046875,838.626220703125,617.3970947265625,845.0428466796875,618.1123046875,837.9132690429688,638.1378173828125,845.993408203125,650.5344848632812,825.7930297851562,658.6400756835938,842.1910400390625,682.2415161132812
847.5149536132812,565.9676513671875,847.7489624023438,562.9268798828125,845.6427001953125,562.4591064453125,847.7489624023438,562.6929931640625,843.5364379882812,562.4591064453125,,,,,,,,,,,,,844.9406127929688,613.4496459960938,846.8128662109375,611.5784301757812,845.40869140625,642.219482421875,845.6427001953125,641.751708984375,821.771728515625,662.8028564453125,843.5364379882812,672.158935546875
846.4179077148438,561.2880859375,845.9573974609375,558.5249633789062,845.0364379882812,558.294677734375,845.9573974609375,561.057861328125,844.8062133789062,559.906494140625,,,838.359375,531.8147583007812,830.531005859375,527.4398193359375,843.8851928710938,555.3013305664062,,,,,826.8471069335938,575.7944946289062,846.1876831054688,605.9586181640625,829.6100463867188,619.0834350585938,843.8851928710938,639.5765991210938,821.0910034179688,659.8395385742188,844.115478515625,672.2735595703125
813.0845336914062,506.8440856933594,,,809.4329223632812,507.0721435546875,807.6071166992188,517.1060791015625,814.6820678710938,513.0012817382812,810.1176147460938,533.7532958984375,,,,,833.168212890625,507.0721435546875,,,817.1925659179688,514.5975952148438,822.669921875,575.71337890625,838.8738403320312,572.292724609375,824.9521484375,609.4638671875,843.4383544921875,607.6395263671875,819.24658203125,647.5472412109375,847.0899658203125,662.14208984375
812.1121826171875,508.28985595703125,,,808.9192504882812,508.28985595703125,805.498291015625,520.5986938476562,808.463134765625,517.635498046875,,,831.269775390625,518.0913696289062,808.6912231445312,542.708984375,,,826.7084350585938,560.9443359375,816.6735229492188,517.4075317382812,820.5506591796875,574.1649169921875,837.6555786132812,570.9737548828125,822.831298828125,608.3561401367188,843.8134155273438,608.5840454101562,818.2699584960938,651.43701171875,847.9185791015625,661.9223022460938
829.6183471679688,528.84521484375,,,826.1420288085938,530.46728515625,796.709228515625,519.344482421875,804.5888671875,514.24658203125,,,,,,,,,848.3904418945312,658.6107788085938,833.5581665039062,513.3197021484375,816.1766357421875,573.1045532226562,832.3994140625,568.2383422851562,820.116455078125,602.7652587890625,844.2188720703125,602.7652587890625,813.6273193359375,641.9266357421875,,
834.5673828125,555.16455078125,826.071533203125,534.038818359375,821.0199584960938,536.7943115234375,826.989990234375,540.23876953125,802.1912841796875,552.8682861328125,832.73046875,572.8458251953125,,,846.2778930664062,608.20849609375,,,849.9517822265625,655.9710693359375,803.5689697265625,519.1129760742188,814.3610229492188,571.6976928710938,,,815.73876953125,602.008544921875,844.9002075195312,604.3048095703125,850.181396484375,658.267333984375,809.3094482421875,643.1119384765625
826.5906982421875,545.375,803.0049438476562,515.0879516601562,800.3348999023438,517.0922241210938,826.8131713867188,547.60205078125,795.2172241210938,523.9959106445312,,,,,,,,,851.06640625,653.6068725585938,,,814.1303100585938,572.0989379882812,830.5958251953125,568.09033203125,811.6827392578125,607.7308349609375,846.8388061523438,608.1762084960938,851.2889404296875,655.8338623046875,,
827.65673828125,554.248291015625,798.8077392578125,567.8958740234375,797.2423095703125,567.8958740234375,798.5841064453125,567.6721801757812,798.8077392578125,520.6884155273438,,,,,,,817.5931396484375,522.7020263671875,852.256591796875,651.3480224609375,826.53857421875,514.2001953125,812.2258911132812,571.4756469726562,,,809.094970703125,606.6015625,847.560302734375,609.5101318359375,,,,
825.3562622070312,557.65234375,793.8673095703125,571.3764038085938,789.5319213867188,571.8338623046875,794.0955200195312,572.2913818359375,794.5518798828125,572.9775390625,,,,,,,,,854.7915649414062,646.4013671875,800.0281982421875,659.896728515625,,,,,805.5045166015625,609.5750732421875,842.4697875976562,604.54296875,,,800.0281982421875,664.471435546875
794.0805053710938,590.3165283203125,789.6249389648438,576.6895751953125,787.514404296875,578.0992431640625,789.8594360351562,575.749755859375,792.43896484375,527.3505249023438,780.4793701171875,557.6588134765625,801.35009765625,540.2726440429688,,,,,853.175048828125,635.896484375,852.9405517578125,634.7216796875,805.8056030273438,591.0214233398438,825.73828125,584.9127197265625,802.757080078125,622.9743041992188,838.1669311523438,606.5279541015625,800.6465454101562,664.3251342773438,799.7085571289062,663.855224609375
,,,,,,779.1533203125,538.53466796875,790.0668334960938,533.0767211914062,778.9160766601562,558.942626953125,805.0135498046875,543.9926147460938,784.3728637695312,582.1982421875,830.3992309570312,539.48388671875,785.3218383789062,595.0125122070312,819.9602661132812,540.6703491210938,803.5900268554688,588.1307373046875,822.332763671875,584.3339233398438,801.454833984375,621.59033203125,834.906982421875,610.9117431640625,800.0313110351562,664.3046875,851.751708984375,636.7776489257812
,,,,,,777.1641235351562,538.9749145507812,788.8355102539062,531.104248046875,777.8787231445312,558.0553588867188,806.2235717773438,544.6990966796875,785.5008544921875,585.0064697265625,833.6156616210938,546.8455810546875,785.2626342773438,574.0352172851562,822.6588134765625,547.3226318359375,802.17431640625,591.6846313476562,821.2296752929688,585.4834594726562,799.55419921875,622.9288330078125,832.9010620117188,612.673095703125,800.2687377929688,663.7132568359375,849.3363037109375,634.3770751953125
769.63623046875,598.84716796875,,,816.0975952148438,546.8954467773438,776.9473876953125,538.1580810546875,788.7396240234375,530.3653564453125,778.1266479492188,555.3966064453125,806.192138671875,543.353271484375,787.0887451171875,582.55322265625,831.427490234375,552.799072265625,786.8529052734375,598.1387329101562,824.1163330078125,560.1195068359375,801.7111206054688,592.4712524414062,821.0503540039062,584.9146728515625,795.8150024414062,617.974853515625,830.484130859375,609.4736328125,797.2300415039062,659.06396484375,840.8612670898438,631.43505859375
768.055419921875,601.1707763671875,768.055419921875,598.8341064453125,768.055419921875,601.6381225585938,777.8663940429688,537.613037109375,789.078857421875,528.9673461914062,778.80078125,553.7361450195312,806.5984497070312,543.4547729492188,787.910888671875,584.113037109375,829.257080078125,553.5025024414062,782.5382690429688,598.3667602539062,838.1336669921875,628.2763061523438,799.5906372070312,589.0200805664062,820.6140747070312,585.9823608398438,792.5828247070312,614.0225830078125,829.257080078125,608.1808471679688,793.984375,654.9144897460938,837.9000244140625,628.74365234375
,,,,818.5991821289062,555.1531982421875,777.9383544921875,535.0325927734375,790.413818359375,529.4820556640625,778.1693725585938,553.5343017578125,806.8167724609375,545.2085571289062,780.2486572265625,583.599609375,828.0712890625,561.3975219726562,784.8692016601562,648.5868530273438,812.823486328125,575.9676513671875,799.6549072265625,589.8439331054688,821.3715209960938,586.1435546875,787.6415405273438,611.814697265625,828.3023681640625,611.814697265625,785.3312377929688,649.2806396484375,836.3883056640625,633.0916748046875
,,,,,,777.912109375,534.375732421875,791.2940063476562,528.594970703125,779.0657348632812,554.4927368164062,806.75244140625,544.5498046875,780.9114990234375,580.8529663085938,828.6710205078125,561.660888671875,,,814.1355590820312,575.303466796875,799.3692626953125,590.7958374023438,822.2108154296875,588.946044921875,785.2952270507812,612.7626953125,827.0560302734375,610.2191772460938,780.6807861328125,654.6153564453125,835.5927124023438,633.1109619140625
825.58203125,588.8173217773438,,,822.2991943359375,584.3543701171875,781.7322998046875,535.2617797851562,794.86376953125,530.56396484375,779.8563842773438,557.1068115234375,809.8711547851562,548.8855590820312,778.2149658203125,584.1195068359375,826.2855224609375,566.7374267578125,770.0078125,600.3270874023438,819.0162963867188,579.1867065429688,798.1466674804688,593.04541015625,818.3128662109375,589.9918212890625,782.2012939453125,621.9371948242188,824.4096069335938,613.9508666992188,767.1939086914062,654.1174926757812,767.1939086914062,654.1174926757812
798.603515625,530.8709106445312,796.9248657226562,528.4717407226562,798.3637084960938,529.9112548828125,783.9754028320312,534.4696655273438,798.603515625,530.8709106445312,780.8579711914062,557.7415161132812,812.5121459960938,550.3040771484375,775.8220825195312,583.4125366210938,827.3800048828125,570.9368896484375,768.8677368164062,599.9667358398438,820.66552734375,585.57177734375,796.9248657226562,596.60791015625,819.2266845703125,594.928466796875,779.4191284179688,624.6781005859375,826.1810302734375,618.68017578125,766.70947265625,654.187744140625,840.5692749023438,646.2705078125
,,,,,,789.3401489257812,534.5902099609375,803.6502685546875,531.924072265625,785.2168579101562,556.1615600585938,815.5349731445312,551.3140869140625,779.3958129882812,577.2482299804688,830.3302001953125,572.64306640625,777.9405517578125,591.7907104492188,824.751708984375,585.7313232421875,798.5568237304688,596.880615234375,820.62841796875,596.3958740234375,782.0637817382812,622.0875854492188,826.2069702148438,619.4215087890625,768.2387084960938,652.1421508789062,844.3978271484375,648.9912109375
807.2701416015625,531.3208618164062,807.2701416015625,528.6112670898438,806.7786254882812,529.1038818359375,795.472900390625,533.29150390625,807.2701416015625,531.0745239257812,789.57421875,553.2440185546875,821.03369140625,550.2880859375,784.4129638671875,574.9208984375,834.5513916015625,569.25537109375,784.65869140625,590.6859130859375,828.6527099609375,579.8474731445312,801.3715209960938,595.8587646484375,822.7540893554688,595.8587646484375,784.1671752929688,623.447509765625,830.6189575195312,619.9989624023438,768.6832275390625,653.2532348632812,846.1029052734375,650.2973022460938
808.351806640625,531.64990234375,810.84716796875,528.6509399414062,803.3611450195312,529.1507568359375,801.1153564453125,529.1507568359375,814.5901489257812,526.4016723632812,795.8751220703125,548.8941650390625,826.8172607421875,545.8952026367188,791.882568359375,576.6349487304688,840.5416259765625,566.138427734375,795.6256103515625,585.8818969726562,833.3051147460938,579.1341552734375,805.60693359375,593.6292724609375,827.5658569335938,593.1295166015625,788.1395874023438,624.6190185546875,835.0518798828125,618.37109375,770.4227294921875,653.1094970703125,847.778076171875,650.6103515625
,,,,,,807.0979614257812,525.3696899414062,819.8369140625,524.0951538085938,802.0023803710938,546.2716674804688,833.594970703125,541.4285278320312,800.4736938476562,576.85986328125,847.35302734375,560.291259765625,806.078857421875,585.2716674804688,842.002685546875,576.09521484375,812.7030639648438,588.8402709960938,834.868896484375,588.5853881835938,795.6328735351562,620.9579467773438,842.51220703125,615.60498046875,774.740966796875,650.271728515625,850.6651611328125,648.4873657226562
,,,,,,813.0394287109375,519.421630859375,826.53515625,518.4027099609375,807.6920776367188,540.8190307617188,839.5216064453125,535.9791259765625,804.3817749023438,560.9427490234375,852.7627563476562,558.1407470703125,809.2199096679688,575.2077026367188,846.6514892578125,572.1509399414062,818.3867797851562,584.6327514648438,840.0308837890625,583.6138305664062,802.599365234375,615.9646606445312,847.6699829101562,614.436279296875,783.7562255859375,643.7302856445312,853.27197265625,652.39111328125
,,,,,,818.8409423828125,516.0067749023438,832.3728637695312,515.5040893554688,812.3256225585938,536.1144409179688,845.403564453125,532.846923828125,811.0726318359375,560.2435913085938,858.9354248046875,554.462646484375,816.8362426757812,574.8216552734375,851.6683349609375,565.2705078125,824.6045532226562,582.3619995117188,846.9071044921875,580.3512573242188,812.0750122070312,609.004638671875,852.9212646484375,609.2559814453125,796.0372314453125,635.647216796875,853.6730346679688,646.957763671875
834.9091796875,513.9765014648438,837.0924072265625,511.3100891113281,831.9982299804688,511.552490234375,828.3594970703125,511.3100891113281,840.9736938476562,510.8252868652344,820.8394775390625,531.6717529296875,853.8304443359375,529.00537109375,815.9879150390625,550.09423828125,866.687255859375,552.7606201171875,,,858.6820678710938,561.487060546875,834.1814575195312,577.2431030273438,855.0433349609375,576.0310668945312,823.2653198242188,602.9375610351562,861.3504638671875,602.4527587890625,814.0472412109375,628.8743896484375,863.7762451171875,626.6928100585938
,,,,,,831.162353515625,510.1975402832031,845.0584716796875,509.7249450683594,823.8609619140625,530.755859375,857.0704345703125,528.3928833007812,819.8569946289062,549.4237670898438,868.8468017578125,553.91357421875,826.21630859375,565.7286987304688,861.54541015625,563.6019287109375,836.1084594726562,577.5438232421875,857.7769775390625,575.4171142578125,824.8031005859375,601.8829345703125,865.3138427734375,601.6466674804688,817.5017700195312,636.3831787109375,869.0823364257812,637.8009643554688
,,,,,,839.991943359375,509.6464538574219,852.7642822265625,509.1815185546875,832.0962524414062,529.8713989257812,865.0722045898438,529.406494140625,826.9873046875,549.8638916015625,875.9867553710938,555.4432373046875,822.110595703125,546.3768310546875,874.1289672851562,558.0003662109375,842.54638671875,577.5279541015625,865.304443359375,573.1110229492188,834.6507568359375,600.3101196289062,875.057861328125,600.07763671875,828.1484375,630.7637939453125,,
,,,,,,843.10400390625,509.2566223144531,855.7008666992188,508.5558166503906,836.1057739257812,529.57958984375,867.597900390625,528.8787841796875,830.0406494140625,550.3696899414062,877.6287231445312,558.078369140625,823.9755249023438,546.6321411132812,866.1982421875,564.8527221679688,845.6700439453125,578.167724609375,867.597900390625,573.7294311523438,837.5054321289062,601.99462890625,877.8619995117188,599.65869140625,829.807373046875,636.5670166015625,891.1586303710938,631.4278564453125
,,,,865.9611206054688,509.63763427734375,852.3650512695312,511.5472412109375,865.7225952148438,511.3085632324219,844.49365234375,532.7916259765625,876.2178344726562,533.26904296875,839.4845581054688,556.1842651367188,885.7589111328125,561.1969604492188,852.6035766601562,556.1842651367188,882.8966064453125,566.6870727539062,853.7962036132812,580.7704467773438,875.263671875,577.4286499023438,844.970703125,603.447021484375,891.7221069335938,605.117919921875,834.9525756835938,635.432861328125,909.6116943359375,633.0458984375
891.90234375,567.2061767578125,869.6393432617188,514.578125,,,858.8748168945312,514.8228759765625,872.8197631835938,514.3333129882812,851.0460205078125,535.1397705078125,881.1378173828125,535.384521484375,846.8870239257812,560.352294921875,890.9237670898438,565.7374877929688,857.6515502929688,568.4300537109375,882.605712890625,576.752685546875,857.8961791992188,582.3826293945312,879.42529296875,579.6900024414062,847.1316528320312,606.6160278320312,894.348876953125,602.2099609375,836.6117553710938,633.7867431640625,,
856.745361328125,572.8109130859375,,,,,865.9476318359375,517.5809326171875,879.8753051757812,517.5809326171875,858.2376098632812,538.22998046875,888.3314208984375,538.7275390625,857.491455078125,567.5864868164062,899.7720947265625,568.0840454101562,839.335693359375,632.51904296875,894.3004760742188,574.3036499023438,864.2066650390625,583.0111083984375,886.0930786132812,580.7720336914062,,,,,,,,
,,,,875.1934814453125,516.8347778320312,873.6861572265625,519.0950927734375,886.7495727539062,518.3416748046875,866.1495361328125,538.4334106445312,897.0496215820312,540.1914672851562,863.1348876953125,561.5389404296875,906.5960083007812,567.817626953125,858.3616943359375,562.041259765625,901.3203735351562,575.8543090820312,870.4202880859375,585.9002075195312,893.0300903320312,584.393310546875,860.3714599609375,608.50341796875,911.3692016601562,602.9782104492188,841.0275268554688,634.8738403320312,924.683837890625,637.3853149414062
911.607666015625,572.7470703125,912.6221923828125,563.8673095703125,,,881.4258422851562,518.4535522460938,895.121826171875,518.1998291015625,873.5633544921875,537.7353515625,905.2669677734375,540.0187377929688,868.998046875,558.2857055664062,911.861328125,572.2396240234375,855.809326171875,559.300537109375,909.832275390625,577.0601196289062,877.6214599609375,585.4324951171875,899.6871337890625,583.9102172851562,866.7153930664062,609.281005859375,919.47021484375,601.4160766601562,843.6351928710938,634.3981323242188,922.5137329101562,629.0702514648438
919.0814208984375,566.3707885742188,919.588134765625,556.7249145507812,917.0546875,556.978759765625,890.70703125,517.6337890625,903.3741455078125,517.6337890625,883.3600463867188,535.6563110351562,913.001220703125,537.1793212890625,877.2798461914062,554.1865234375,918.5747680664062,566.87841796875,841.5584716796875,638.2070922851562,926.6817016601562,637.9532470703125,886.9068603515625,580.585693359375,908.4410400390625,581.0933837890625,875.2530517578125,605.2080688476562,924.401611328125,600.3851318359375,,,,
924.7191162109375,562.4729614257812,925.2283935546875,554.0587158203125,919.1170043945312,554.0587158203125,895.9446411132812,513.5175170898438,909.9498901367188,513.2625122070312,890.087890625,533.4056396484375,919.6262817382812,533.9155883789062,887.2868041992188,559.668212890625,923.7005615234375,565.022705078125,845.2710571289062,636.926025390625,847.0535278320312,635.1411743164062,894.4168090820312,578.0264892578125,915.806640625,578.0264892578125,879.3929443359375,605.053955078125,929.5572509765625,601.9942626953125,,,,
907.8948974609375,516.2493896484375,912.20263671875,512.1904907226562,905.3609619140625,513.9662475585938,903.587158203125,510.9220886230469,915.7501831054688,509.4000244140625,898.265869140625,527.6650390625,927.4063720703125,529.6944580078125,893.7047729492188,548.9741821289062,930.9539184570312,554.55517578125,883.0621337890625,553.0330810546875,927.6597900390625,565.46337890625,901.8134155273438,573.3275146484375,922.5918579101562,573.8348388671875,883.3155517578125,602.7544555664062,932.7276611328125,599.7102661132812,,,927.4063720703125,640.2991943359375
912.0761108398438,505.9743347167969,910.353515625,502.5279541015625,913.0604858398438,502.7741394042969,911.8300170898438,502.5279541015625,924.134521484375,502.7741394042969,908.630859375,520.9907836914062,936.4390258789062,523.94482421875,901.4942626953125,541.915283203125,940.37646484375,549.0542602539062,903.4630126953125,560.3780517578125,937.91552734375,562.8397827148438,911.091796875,565.301513671875,931.5172119140625,565.5476684570312,895.834228515625,596.0728759765625,934.9624633789062,597.3037109375,877.6235961914062,623.6439819335938,927.3336791992188,639.6450805664062
,,913.3018188476562,498.4415283203125,885.6619873046875,553.9605712890625,913.7867431640625,499.65374755859375,927.1217651367188,499.41131591796875,910.6348266601562,517.3519287109375,939.0020141601562,517.8368530273438,905.5432739257812,541.5960693359375,943.608642578125,544.0205078125,908.2103271484375,555.9000854492188,941.9114990234375,558.8093872070312,914.9990234375,562.930908203125,935.85009765625,564.6279907226562,899.48193359375,593.96337890625,936.0925903320312,594.690673828125,884.207275390625,622.0865478515625,928.5764770507812,636.390625
,,,,935.171630859375,490.93695068359375,921.1835327148438,492.5741271972656,933.5396728515625,492.5741271972656,917.6865234375,510.115234375,942.8651123046875,510.34912109375,916.0545654296875,534.6727905273438,947.0615234375,532.10009765625,914.65576171875,550.1090087890625,936.3372802734375,541.2214965820312,925.1467895507812,552.6817016601562,944.7301635742188,554.31884765625,913.7232055664062,587.997802734375,940.0674438476562,594.3126220703125,905.09716796875,618.8702392578125,932.6071166992188,636.1774291992188
,,,,936.54248046875,489.25726318359375,924.80029296875,491.2922668457031,935.4133911132812,491.066162109375,921.1873168945312,506.441650390625,943.5426025390625,506.2155456542969,918.703369140625,530.635498046875,953.929931640625,524.756591796875,916.8969116210938,546.010986328125,,,928.1874389648438,548.950439453125,946.7039794921875,551.2115478515625,917.8001098632812,584.6758422851562,941.7361450195312,592.1375122070312,910.5741577148438,618.5924072265625,935.1876220703125,633.2896118164062
,,930.0482788085938,482.9360656738281,930.9322509765625,483.1572265625,931.59521484375,484.041748046875,942.6445922851562,484.2629089355469,931.1531982421875,502.3961181640625,955.2408447265625,502.83837890625,927.83837890625,524.9520874023438,963.1964111328125,522.9618530273438,922.313720703125,539.7682495117188,960.9865112304688,543.527587890625,935.7939453125,546.1812133789062,953.6939697265625,547.0657958984375,932.2581787109375,586.2069702148438,948.6112060546875,589.96630859375,928.7223510742188,618.2718505859375,946.1803588867188,618.9352416992188
,,,,950.57275390625,481.4716491699219,936.5712280273438,483.4737548828125,948.5725708007812,483.6961975097656,936.5712280273438,503.2723083496094,961.9073486328125,501.4926452636719,931.904052734375,523.960693359375,975.0198974609375,518.3992919921875,926.5701293945312,535.5283813476562,982.5762939453125,534.4160766601562,942.7941284179688,548.4307861328125,960.5738525390625,545.9837646484375,941.9051513671875,585.8033447265625,954.1287231445312,585.8033447265625,940.5716552734375,614.2777099609375,950.57275390625,616.9471435546875
952.4357299804688,486.56072998046875,954.2350463867188,483.41119384765625,949.286865234375,483.63616943359375,943.6639404296875,483.63616943359375,955.8095092773438,483.86114501953125,940.51513671875,501.8584289550781,968.6297607421875,501.18353271484375,934.8922119140625,524.5800170898438,984.8237915039062,516.0313110351562,931.2935180664062,536.0532836914062,983.2493896484375,515.3563842773438,949.286865234375,538.9778442382812,965.48095703125,538.5279541015625,950.6364135742188,588.470458984375,961.6573486328125,580.1466674804688,950.6364135742188,615.0164794921875,959.633056640625,613.8916015625
946.133056640625,483.6312561035156,946.133056640625,480.9040832519531,947.041259765625,481.58587646484375,946.587158203125,481.58587646484375,960.2100219726562,481.8131408691406,945.224853515625,500.44879150390625,972.0165405273438,500.44879150390625,941.5921020507812,524.5387573242188,991.0885009765625,514.3118896484375,932.7372436523438,543.62890625,1010.1605224609375,535.9019165039062,953.8526611328125,543.856201171875,971.5624389648438,543.856201171875,956.5772705078125,577.0366821289062,970.4271850585938,574.082275390625,,,967.24853515625,608.171875
,,,,,,953.2606201171875,483.950927734375,965.8514404296875,483.2498779296875,950.462646484375,506.6180419921875,977.0433349609375,501.0096740722656,946.9652099609375,526.9483032226562,995.2301025390625,513.1611328125,936.2396240234375,546.1101684570312,1014.1163940429688,530.4535522460938,957.9238891601562,551.9522705078125,977.5096435546875,552.4196166992188,967.2504272460938,597.5201416015625,975.4111938476562,597.7537841796875,975.6443481445312,630.702880859375,976.5770263671875,631.6375732421875
967.119140625,493.1768798828125,968.998291015625,489.1861267089844,963.8305053710938,490.8293762207031,958.19287109375,488.7166442871094,972.052001953125,487.0733947753906,954.904296875,509.3745422363281,982.8574829101562,504.2100524902344,949.5015258789062,532.6146850585938,1001.1797485351562,514.5390014648438,938.9310302734375,551.6293334960938,1025.1396484375,536.3706665039062,965.0050048828125,552.3335571289062,983.0923461914062,552.0988159179688,972.7567138671875,595.9968872070312,984.5017700195312,595.9968872070312,981.4480590820312,632.6177368164062,982.3876342773438,633.087158203125
,,963.30029296875,490.566162109375,966.1649169921875,492.4762268066406,964.0164184570312,491.0436706542969,976.668701171875,490.566162109375,959.480712890625,510.3830871582031,987.64990234375,507.7567443847656,953.5126953125,533.5426025390625,1008.8961791992188,517.5458374023438,944.2025146484375,553.1207885742188,1028.9488525390625,536.40771484375,969.268310546875,558.8509521484375,987.888671875,556.46337890625,973.3265991210938,597.05224609375,988.1273803710938,597.291015625,980.9656982421875,629.0458984375,983.5916748046875,629.0458984375
976.3595581054688,494.9235534667969,978.4943237304688,492.5494384765625,973.038818359375,492.5494384765625,970.4296264648438,492.5494384765625,981.8150634765625,491.59979248046875,965.2113037109375,511.7796936035156,992.0145263671875,507.5063171386719,959.2814331054688,534.3336791992188,1013.3621826171875,518.6646118164062,947.1843872070312,554.7509765625,1031.863525390625,535.7581787109375,973.7504272460938,545.7293701171875,990.116943359375,543.830078125,976.1223754882812,581.3409423828125,993.912109375,579.91650390625,,,996.9956665039062,609.5928344726562
984.7578735351562,493.11309814453125,987.6165771484375,490.2486877441406,980.2315673828125,490.2486877441406,977.1346435546875,489.77130126953125,990.7135009765625,490.0099792480469,972.3701171875,508.1513366699219,1001.671875,505.5256042480469,970.2261352539062,525.5765991210938,1020.72998046875,517.6994018554688,1038.596923828125,539.1826171875,1035.9764404296875,536.0794677734375,982.85205078125,549.6854858398438,1000.0043334960938,548.491943359375,982.6138305664062,588.5938720703125,1006.6746215820312,590.5034790039062,982.6138305664062,626.7861938476562,1006.6746215820312,589.3099975585938
986.6617431640625,490.00927734375,989.017822265625,487.174560546875,983.5988159179688,487.174560546875,979.5934448242188,487.88323974609375,992.080810546875,486.7021179199219,976.2948608398438,505.3639831542969,1003.625732421875,503.001708984375,969.2265625,515.994140625,1022.2389526367188,516.4666137695312,,,1037.3179931640625,534.8922119140625,985.248046875,550.2469482421875,1004.33251953125,549.7744750976562,983.5988159179688,591.3502807617188,1010.6940307617188,588.7518310546875,982.1851196289062,625.6030883789062,,
997.2428588867188,483.49810791015625,,,1018.7410278320312,510.404052734375,988.5018310546875,483.49810791015625,1001.7315063476562,483.0260925292969,982.5957641601562,501.4354248046875,1012.8349609375,500.4913330078125,984.4857177734375,522.2048950195312,1029.6082763671875,515.3604125976562,,,1043.0740966796875,536.1299438476562,993.4629516601562,547.6947631835938,1013.0711669921875,545.5706176757812,987.3206176757812,588.5256958007812,1021.8121948242188,585.4574584960938,982.5957641601562,621.8040771484375,1036.4593505859375,612.3634033203125
999.166259765625,481.4953918457031,1002.2161254882812,478.6758117675781,995.177978515625,478.6758117675781,992.1281127929688,481.4953918457031,1005.0314331054688,479.85064697265625,985.0899047851562,500.9975891113281,1015.3540649414062,498.1780090332031,979.2247924804688,523.3193969726562,1032.480224609375,517.4452514648438,981.1016235351562,541.4118041992188,1045.1490478515625,536.2425537109375,996.5856323242188,545.4061889648438,1015.5886840820312,543.9963989257812,988.8436279296875,586.5252685546875,1025.442138671875,580.1812133789062,983.2130737304688,622.7100830078125,1038.814697265625,612.6065673828125
1007.3406982421875,480.2877197265625,1012.034423828125,477.2353820800781,1004.5244140625,477.7049865722656,1002.4122924804688,480.05291748046875,1013.911865234375,479.5833435058594,995.3717041015625,499.30621337890625,1024.4727783203125,498.36700439453125,986.6882934570312,528.8905029296875,1038.0845947265625,516.4462890625,993.259521484375,539.2214965820312,1050.0535888671875,537.1083374023438,1004.5244140625,543.4478149414062,1024.238037109375,540.8650512695312,995.1370239257812,583.8327026367188,1035.03369140625,573.9713134765625,985.9842529296875,616.2345581054688,1046.0638427734375,609.8950805664062
,,1018.138671875,480.94403076171875,1021.65625,478.36126708984375,1008.9930419921875,481.1788330078125,1021.187255859375,480.0048522949219,1001.2544555664062,500.43231201171875,1031.7398681640625,499.96270751953125,993.515869140625,527.1993408203125,1043.93408203125,518.0421752929688,997.971435546875,535.652099609375,1053.07958984375,538.7044677734375,1010.8690795898438,543.4004516601562,1028.92578125,541.052490234375,1001.2544555664062,581.4378051757812,1039.7130126953125,570.8718872070312,988.8258056640625,612.9008178710938,1051.9071044921875,610.78759765625
,,1024.8095703125,477.940673828125,1027.178466796875,478.4158020019531,1014.385986328125,480.553955078125,1026.7047119140625,479.84124755859375,1007.279052734375,500.7473449707031,1034.5223388671875,496.2335205078125,998.5138549804688,522.3661499023438,1045.1827392578125,516.1893310546875,1002.7780151367188,533.2943115234375,1056.5538330078125,541.1341552734375,1017.4656982421875,544.6976928710938,1036.891357421875,542.797119140625,1007.279052734375,577.7198486328125,1049.683837890625,579.85791015625,993.5389404296875,609.5540771484375,1057.7384033203125,618.1066284179688
,,,,,,1020.529296875,482.5452880859375,1033.8902587890625,481.1133117675781,1012.8944091796875,501.8770751953125,1041.763671875,501.3997497558594,1005.02099609375,529.3234252929688,1050.3529052734375,523.5955200195312,1007.884033203125,532.4260864257812,1059.6578369140625,544.8366088867188,1022.43798828125,548.8939208984375,1042.0023193359375,547.7005615234375,1009.7927856445312,584.6934814453125,1053.2159423828125,579.9202270507812,996.6703491210938,608.798583984375,1057.98779296875,618.822509765625
1032.20654296875,485.60186767578125,1024.34130859375,480.5902099609375,1040.07177734375,480.5902099609375,1025.294677734375,482.738037109375,1038.6417236328125,482.4993896484375,1017.1910400390625,501.830078125,1046.0302734375,501.830078125,1012.66259765625,528.797607421875,1053.4188232421875,523.7859497070312,1016.47607421875,534.0479125976562,1061.9991455078125,544.5485229492188,1026.486328125,548.366943359375,1045.7919921875,547.6510009765625,1018.1444091796875,582.9712524414062,1056.04052734375,580.107421875,1003.6056518554688,604.9271240234375,1058.4239501953125,620.4393920898438
1035.5478515625,480.7024230957031,1026.1787109375,476.9429931640625,1042.8089599609375,477.177978515625,1027.818359375,479.527587890625,1041.6378173828125,479.2926330566406,1020.5571899414062,499.9693603515625,1049.1331787109375,498.5596008300781,1016.8095092773438,522.5258178710938,1054.989013671875,522.0558471679688,1018.9176025390625,529.57470703125,1062.718505859375,542.7326049804688,1028.7552490234375,546.4920043945312,1047.9620361328125,546.0220947265625,1024.3048095703125,581.50146484375,1057.7996826171875,577.2720947265625,1011.8906860351562,601.708251953125,1058.736572265625,616.9808349609375
1038.345703125,478.52154541015625,1031.280029296875,474.404052734375,1033.1033935546875,474.6328125,1032.419677734375,477.1490478515625,1044.7276611328125,477.1490478515625,1023.9863891601562,496.1352233886719,1051.7933349609375,495.677734375,1019.199951171875,523.5851440429688,1056.1239013671875,517.8663940429688,1026.4935302734375,530.4476318359375,1062.7337646484375,541.4276123046875,1031.280029296875,541.6563720703125,1048.830322265625,541.6563720703125,1030.140380859375,579.1712646484375,1060.682373046875,577.7987670898438,1016.0089721679688,605.2486572265625,1059.0869140625,617.8298950195312
1040.4224853515625,473.55279541015625,1043.5120849609375,472.8894348144531,1037.1121826171875,471.3415222167969,1035.1260986328125,474.43731689453125,1047.263671875,474.2161865234375,1025.6365966796875,492.7908935546875,1054.5462646484375,494.3387756347656,1021.664306640625,516.672607421875,1058.9599609375,516.2304077148438,1039.539794921875,528.3923950195312,1063.153076171875,539.44873046875,1033.581298828125,540.1121215820312,1051.6773681640625,540.5543823242188,1034.2432861328125,573.28125,1060.2841796875,569.9642944335938,1024.533203125,603.57568359375,1059.6220703125,615.0742797851562
1043.956298828125,471.54803466796875,1046.9288330078125,467.51446533203125,1040.7713623046875,467.51446533203125,1037.1617431640625,469.8497009277344,1050.11376953125,469.8497009277344,1028.4564208984375,490.2298889160156,1056.6959228515625,490.44219970703125,1023.9974975585938,515.7051391601562,1060.517822265625,515.0682373046875,,,1066.2506103515625,540.118896484375,1035.8878173828125,533.7501220703125,1053.0863037109375,535.0238647460938,1040.5589599609375,566.6556396484375,1059.66845703125,568.1417236328125,1039.4974365234375,597.438232421875,1060.0931396484375,615.9077758789062
,,,,,,1038.7763671875,469.25408935546875,1052.2579345703125,469.66912841796875,1029.235595703125,488.9677734375,1058.2728271484375,489.7978210449219,1026.9541015625,514.2843017578125,1061.3839111328125,515.3218383789062,,,1066.7764892578125,538.148193359375,1036.7022705078125,534.8280029296875,1055.576416015625,540.2233276367188,1043.754150390625,566.784912109375,1060.5543212890625,574.0478515625,1043.5467529296875,616.1728515625,1060.139404296875,615.5503540039062
,,,,,,1039.81591796875,469.2477111816406,1053.3173828125,469.452392578125,1030.40576171875,488.07781982421875,1059.8636474609375,489.1011962890625,1029.5875244140625,510.7967529296875,1064.3641357421875,514.0715942382812,,,1069.887451171875,538.4279174804688,1040.4296875,537.8139038085938,1058.8408203125,540.4746704101562,1052.2945556640625,579.9769897460938,1062.52294921875,582.2283935546875,1056.181396484375,614.771728515625,1060.886474609375,614.5670776367188
,,,,,,1040.5594482421875,469.6539306640625,1054.6875,470.0632629394531,1031.345458984375,487.4608154296875,1060.62548828125,489.5075988769531,1029.7073974609375,513.0454711914062,1065.130126953125,516.3203125,,,1071.272705078125,538.6300659179688,1041.37841796875,535.5599365234375,1059.192138671875,539.244140625,1051.2066650390625,565.6474609375,1063.08251953125,575.0626220703125,,,1059.6016845703125,615.5886840820312
1049.7393798828125,473.2943115234375,,,,,1042.418212890625,471.26177978515625,1056.4505615234375,471.05853271484375,1033.876708984375,490.77410888671875,1063.9752197265625,492.806640625,1031.029541015625,515.571044921875,1067.839111328125,521.2621459960938,,,1075.567138671875,541.7907104492188,1044.6551513671875,537.7256469726562,1063.1617431640625,542.8070068359375,1056.8572998046875,567.400634765625,1067.839111328125,570.85595703125,1059.5010986328125,614.555419921875,1063.1617431640625,612.1163940429688
,,,,,,1043.144287109375,473.0064697265625,1056.8470458984375,472.60308837890625,1035.0838623046875,491.1592102050781,1064.1014404296875,493.37786865234375,1031.0535888671875,514.3543701171875,1069.5423583984375,523.6324462890625,,,1077.8043212890625,545.4157104492188,1045.159423828125,533.515625,1060.67578125,535.9359130859375,1058.2576904296875,566.5938720703125,1067.728759765625,587.1669921875,1061.8848876953125,614.7994384765625,1065.713623046875,611.9757080078125
1070.46533203125,510.1513671875,1070.46533203125,505.73175048828125,1068.8594970703125,506.9371032714844,1044.1693115234375,472.1829833984375,1057.417724609375,471.9820861816406,1036.1400146484375,490.6649475097656,1065.0455322265625,492.874755859375,1032.326171875,514.169189453125,1070.2646484375,517.9861450195312,1067.454345703125,598.1416015625,1079.297607421875,544.3028564453125,1046.1766357421875,532.4502563476562,1062.43603515625,534.6600952148438,1060.22802734375,567.2044067382812,1072.47265625,567.606201171875,1063.239013671875,601.9585571289062,,
,,,,,,1045.7186279296875,471.31787109375,1058.576416015625,471.31787109375,1037.6824951171875,490.2264099121094,1066.41162109375,492.4391174316406,1033.4635009765625,513.5603637695312,1071.8360595703125,518.9915161132812,,,1079.6712646484375,542.325439453125,1046.924072265625,534.2792358398438,1063.5989990234375,536.491943359375,1059.7818603515625,565.8605346679688,1074.2469482421875,566.6651611328125,1061.7908935546875,599.051025390625,1067.8179931640625,599.8556518554688
1052.9324951171875,471.0775146484375,,,,,1047.0904541015625,470.4735412597656,1059.78173828125,470.4735412597656,1039.63671875,488.99578857421875,1067.6383056640625,490.40509033203125,1035.6077880859375,516.1751708984375,1073.88330078125,513.5579223632812,,,1079.1209716796875,539.126708984375,1049.1048583984375,536.710693359375,1066.0267333984375,535.9053955078125,1058.37158203125,565.2994384765625,1073.48046875,564.8967895507812,1061.5948486328125,598.92138671875,1069.25,596.1027221679688
1055.934326171875,472.4617004394531,1058.755126953125,469.03857421875,1053.7178955078125,472.0589599609375,1047.8748779296875,468.2331237792969,1061.1728515625,468.6358337402344,1039.6138916015625,486.75830078125,1068.224853515625,487.5637512207031,1034.375244140625,510.92156982421875,1075.075439453125,511.3243103027344,,,1080.3140869140625,536.0916748046875,1050.494140625,538.1052856445312,1068.224853515625,537.9039306640625,1057.7476806640625,566.698486328125,1072.4561767578125,569.9202880859375,1061.9788818359375,604.5543212890625,1070.84423828125,606.3665771484375
1054.9150390625,463.6971130371094,,,1050.9189453125,462.2971496582031,1049.520263671875,467.4970703125,1062.108154296875,467.6970520019531,1041.1282958984375,485.4967956542969,1069.700927734375,485.69677734375,1032.9361572265625,508.89642333984375,1075.095703125,511.2964172363281,,,1080.490478515625,533.49609375,1048.9208984375,532.0960693359375,1066.7037353515625,531.8961181640625,1055.1148681640625,563.8956298828125,1074.2965087890625,564.2955932617188,1060.9093017578125,602.0950317382812,1074.4962158203125,605.2949829101562
,,,,,,1050.4193115234375,466.9842529296875,1063.8760986328125,466.9842529296875,1042.787109375,486.51129150390625,1070.5040283203125,486.30999755859375,1033.7489013671875,508.25274658203125,1077.1319580078125,514.0907592773438,,,1080.9481201171875,533.4164428710938,1049.0133056640625,534.4229736328125,1066.487060546875,532.2086181640625,1053.0302734375,564.0155029296875,1072.71337890625,566.632568359375,1056.846435546875,600.855224609375,1076.93115234375,605.4853515625
1060.3033447265625,479.58770751953125,1062.1138916015625,476.36663818359375,1058.090576171875,476.5679626464844,1052.6590576171875,469.5218200683594,1065.33251953125,468.5152587890625,1043.6064453125,488.4457092285156,1073.3792724609375,488.4457092285156,1036.163330078125,490.66021728515625,1081.0235595703125,516.6302490234375,,,1081.6270751953125,534.1448974609375,1047.8310546875,536.359375,1066.33837890625,533.5408935546875,1051.0496826171875,567.5636596679688,1073.7816162109375,565.7517700195312,1055.072998046875,597.1573486328125,1080.218994140625,606.0153198242188
1059.5767822265625,467.1247253417969,,,1056.1534423828125,465.1124267578125,1052.72998046875,470.1432189941406,1065.6181640625,468.9358215332031,1043.4666748046875,489.864013671875,1074.27734375,489.4615478515625,1035.6129150390625,493.888671875,1081.9296875,515.6217651367188,,,1082.9365234375,533.3302612304688,1047.695556640625,536.1475219726562,1066.0208740234375,533.1290283203125,1049.9107666015625,565.7286987304688,1073.2705078125,564.5213012695312,1054.341064453125,600.5419311523438,1079.7144775390625,604.1641235351562
1058.3623046875,464.3852233886719,,,1054.3250732421875,463.1710510253906,1052.1046142578125,469.6466369628906,1065.2254638671875,469.6466369628906,1042.0115966796875,489.4781799316406,1073.905517578125,489.6805419921875,,,1083.99853515625,516.1900634765625,,,1084.805908203125,530.5578002929688,1045.846923828125,538.6522827148438,1066.032958984375,536.628662109375,1045.4432373046875,565.5665283203125,1075.11669921875,566.173583984375,1048.47119140625,604.6224975585938,1079.5576171875,604.420166015625
1057.9384765625,466.8617858886719,1060.380615234375,464.82489013671875,1054.275146484375,464.82489013671875,1051.8330078125,469.71343994140625,1064.654541015625,469.9171142578125,1041.860595703125,488.65655517578125,1073.812744140625,490.0823669433594,1038.1973876953125,513.9140625,1083.7850341796875,513.9140625,,,1084.192138671875,529.3944702148438,1045.52392578125,536.9309692382812,1065.0615234375,534.4866943359375,1043.895751953125,563.003173828125,1072.9986572265625,567.2807006835938,1046.54150390625,604.1484985351562,1079.918212890625,606.7964477539062
1055.0166015625,467.67529296875,1058.2877197265625,465.62738037109375,1051.3365478515625,465.01300048828125,1048.8831787109375,467.88006591796875,1062.172119140625,467.88006591796875,1038.4564208984375,486.7209777832031,1070.554443359375,487.3353576660156,1026.39404296875,509.65771484375,1082.6168212890625,512.3200073242188,,,1082.412353515625,528.4985961914062,1042.136474609375,533.4136352539062,1062.172119140625,533.0040283203125,1038.660888671875,562.0845336914062,1071.372314453125,566.7947998046875,1038.251953125,604.271728515625,1077.91455078125,597.9232177734375
1053.3408203125,465.6576843261719,1056.859130859375,465.6576843261719,1049.40869140625,465.2429504394531,1047.132080078125,468.1460876464844,1059.9635009765625,468.1460876464844,1037.1981201171875,486.6017761230469,1069.6905517578125,487.0165100097656,1026.8502197265625,513.144775390625,1079.6246337890625,507.1311340332031,,,1080.452392578125,527.6605224609375,1038.853759765625,533.2593994140625,1059.549560546875,532.6373291015625,1034.9215087890625,561.6687622070312,1072.3809814453125,569.1339721679688,1030.7823486328125,603.349609375,1077.5550537109375,596.7138061523438
,,,,,,1043.6876220703125,469.25286865234375,1056.5469970703125,469.25286865234375,1033.990478515625,487.431396484375,1065.822509765625,488.2768859863281,1026.4013671875,514.48779296875,1077.6278076171875,510.6829833984375,1029.7742919921875,528.0159912109375,1077.838623046875,528.650146484375,1037.3634033203125,533.9345703125,1057.811767578125,534.14599609375,1032.303955078125,560.990966796875,1068.352294921875,566.6982421875,1023.87158203125,607.9169921875,1076.995361328125,600.095947265625
1048.4117431640625,472.1068420410156,,,1043.6566162109375,469.0777282714844,1041.279052734375,469.726806640625,1054.4637451171875,469.94317626953125,1031.120361328125,489.1998291015625,1064.40625,492.0125732421875,1022.9070434570312,514.9474487304688,1074.781005859375,512.5674438476562,1025.7169189453125,532.6895141601562,1074.56494140625,537.4495849609375,1034.362548828125,537.6659545898438,1055.7606201171875,535.5023193359375,1028.094482421875,564.279052734375,1067.216064453125,568.1737060546875,1014.4774780273438,610.3651733398438,1076.2940673828125,601.7105102539062
1043.999755859375,473.9217529296875,1047.5758056640625,471.9093933105469,1040.6473388671875,471.685791015625,1037.96533203125,474.3689270019531,1050.7047119140625,473.9217529296875,1028.5784912109375,494.268798828125,1060.3150634765625,494.0451965332031,1020.5325927734375,517.9697265625,1069.925537109375,513.721435546875,1022.320556640625,534.962890625,1070.8194580078125,537.64599609375,1034.6129150390625,540.3291015625,1055.1746826171875,538.987548828125,1023.6615600585938,569.6199340820312,1066.3494873046875,572.750244140625,1007.5697631835938,610.3140258789062,1075.9599609375,604.0534057617188
,,,,,,1033.825927734375,476.5212097167969,1047.1558837890625,475.8311767578125,1026.471435546875,496.53253173828125,1055.4295654296875,496.53253173828125,1019.3468017578125,517.00390625,1064.392822265625,514.013671875,1019.8064575195312,538.3953247070312,1068.070068359375,540.4654541015625,1031.527587890625,544.375732421875,1051.982177734375,541.385498046875,1019.3468017578125,574.5076904296875,1062.55419921875,570.367431640625,1001.6500854492188,612.6902465820312,1074.735107421875,603.7196655273438
,,,,,,1030.5023193359375,477.3744812011719,1044.044677734375,476.90716552734375,1022.3302612304688,499.8064270019531,1053.8511962890625,500.5074157714844,1015.7926025390625,515.9293823242188,1061.32275390625,522.0046997070312,1015.3256225585938,531.11767578125,1064.1246337890625,543.501953125,1027.467041015625,545.838623046875,1048.7144775390625,545.3712768554688,1013.6912231445312,578.3182373046875,1061.08935546875,573.1775512695312,998.0474853515625,618.0413818359375,1075.0986328125,605.4234619140625
,,,,1028.4764404296875,477.0832214355469,1026.5867919921875,477.55517578125,1040.75927734375,476.84722900390625,1017.8470458984375,499.50115966796875,1049.026611328125,499.9731140136719,1008.8711547851562,521.68310546875,1056.34912109375,521.4471435546875,1013.359130859375,532.7740478515625,1062.490478515625,541.269287109375,1022.0988159179688,544.8089599609375,1042.64892578125,544.3369750976562,1009.5797729492188,577.137939453125,1057.5301513671875,574.7781982421875,997.2969360351562,617.962158203125,1072.8836669921875,603.803466796875
,,,,1024.42724609375,471.97412109375,1022.2835083007812,475.07861328125,1034.669677734375,475.07861328125,1013.2321166992188,493.94451904296875,1043.24462890625,496.5713806152344,1001.560546875,516.8701171875,1053.96337890625,517.8253784179688,1006.0862426757812,525.4672241210938,1057.5362548828125,538.1240844726562,1016.0904541015625,540.9898071289062,1036.0987548828125,540.7509765625,1004.4188842773438,571.5573120117188,1050.628662109375,568.6915893554688,995.1293334960938,617.4085693359375,1066.111328125,600.6919555664062
,,,,,,1020.6292724609375,474.09234619140625,1033.58251953125,473.8525390625,1012.233642578125,493.2752990722656,1042.69775390625,495.67315673828125,998.3209228515625,514.6163330078125,1052.5325927734375,517.4937744140625,1003.59814453125,523.4884643554688,1056.130615234375,536.6767578125,1014.1526489257812,539.55419921875,1034.7818603515625,539.55419921875,1002.3988037109375,570.9662475585938,1048.21484375,565.9307250976562,995.2025756835938,613.1687622070312,1063.0870361328125,597.8223876953125
1023.8580322265625,474.2502136230469,,,1019.0590209960938,470.6503601074219,1016.4195556640625,470.6503601074219,1030.0966796875,470.6503601074219,1007.0615234375,490.32958984375,1037.775146484375,491.7695617675781,995.0640258789062,516.2486572265625,1048.5728759765625,515.0487060546875,1000.8228149414062,523.2083740234375,1050.2525634765625,534.0079956054688,1010.1808471679688,536.8878784179688,1031.7763671875,537.3678588867188,997.9434204101562,563.766845703125,1042.8140869140625,563.046875,987.6256103515625,606.9652709960938,1057.69091796875,597.8455810546875
1022.0122680664062,473.3648376464844,1024.6639404296875,469.98681640625,1018.1553344726562,469.98681640625,1015.7447509765625,470.4693908691406,1029.485107421875,470.4693908691406,1005.379150390625,490.0135192871094,1037.4400634765625,490.73736572265625,994.2904052734375,516.3135986328125,1047.08251953125,514.1420288085938,1000.7990112304688,524.9998779296875,1049.2520751953125,531.755859375,1009.4771728515625,534.6513061523438,1029.96728515625,534.6513061523438,997.665283203125,560.4688720703125,1040.5738525390625,561.1926879882812,985.6122436523438,595.9378051757812,1056.001708984375,599.3157958984375
1017.1689453125,475.19891357421875,1020.5830078125,471.7852478027344,1013.998779296875,471.7852478027344,1011.5601806640625,472.0290832519531,1025.21630859375,471.7852478027344,1003.0250854492188,490.316650390625,1033.263671875,492.267333984375,990.8320922851562,513.7247314453125,1042.7742919921875,512.5055541992188,996.9285888671875,527.8671264648438,1043.01806640625,532.256103515625,1006.1952514648438,535.6697998046875,1027.4111328125,535.6697998046875,993.7584228515625,559.8093872070312,1037.4093017578125,562.4915771484375,976.688232421875,597.8475341796875,1051.797119140625,597.35986328125
,,,,,,1009.2010498046875,472.8305969238281,1023.133056640625,473.0791015625,1001.4886474609375,491.9655456542969,1030.845458984375,494.2021179199219,988.5517578125,515.8221435546875,1039.552978515625,515.8221435546875,996.015380859375,528.4959716796875,1039.552978515625,534.9570922851562,1003.4789428710938,537.690673828125,1025.1234130859375,539.4302368164062,988.05419921875,566.5173950195312,1035.5723876953125,564.0323486328125,972.6294555664062,596.338134765625,1050.7484130859375,598.326171875
1014.1389770507812,479.0633239746094,1017.6689453125,475.78326416015625,1010.104736328125,476.03558349609375,1007.0790405273438,476.54022216796875,1020.4425048828125,476.28790283203125,999.5147705078125,495.2112121582031,1028.510986328125,497.98663330078125,987.4119873046875,517.919189453125,1037.84033203125,520.4423217773438,993.7155151367188,532.048583984375,1036.831787109375,538.1040649414062,1000.7755126953125,540.8794555664062,1021.7032470703125,540.8794555664062,983.6298828125,571.4090576171875,1035.8231201171875,571.9136962890625,964.9713745117188,600.6771240234375,1050.1951904296875,600.1724853515625
,,1002.900634765625,481.80609130859375,,,1004.6845703125,482.06121826171875,1017.171630859375,482.06121826171875,996.5297241210938,500.6827697753906,1025.0716552734375,503.2336730957031,985.8264770507812,525.681640625,1034.7554931640625,524.6612548828125,990.6683959960938,538.4360961914062,1031.187744140625,541.2420654296875,997.2942504882812,545.0684814453125,1019.4652099609375,545.833740234375,977.4168090820312,577.97509765625,1032.9716796875,575.1690673828125,959.3233032226562,602.4637451171875,1048.7716064453125,602.4637451171875
1007.8199462890625,490.0518798828125,1011.2310791015625,487.16302490234375,1005.1959228515625,487.16302490234375,1001.2599487304688,487.6882629394531,1015.1671142578125,487.4256591796875,991.5512084960938,507.91021728515625,1022.7766723632812,508.6981201171875,985.2536010742188,526.2938232421875,1033.5350341796875,527.60693359375,987.3528442382812,543.1016845703125,1028.024658203125,543.626953125,995.2247924804688,549.667236328125,1017.00390625,551.2429809570312,978.9560546875,573.56591796875,1029.336669921875,576.4547729492188,959.0137329101562,602.717041015625,1047.70458984375,603.5049438476562
,,,,,,994.59765625,493.26171875,1007.68701171875,491.92413330078125,989.522216796875,510.650634765625,1017.57080078125,512.5233154296875,980.4397583007812,534.7276000976562,1024.2490234375,532.3198852539062,982.0425415039062,553.1866455078125,1020.7763671875,548.3712158203125,992.727783203125,553.9891357421875,1013.2967529296875,556.1293334960938,972.6929931640625,574.8558959960938,1027.45458984375,580.206298828125,958.5350952148438,606.4234619140625,,
,,,,987.0670166015625,493.6870422363281,985.7308959960938,495.55963134765625,998.5575561523438,493.9545593261719,981.98974609375,516.157958984375,1004.9708862304688,513.4828491210938,982.5242309570312,537.2913208007812,,,985.1964111328125,557.8896484375,1047.4593505859375,608.1817016601562,989.7391967773438,555.7495727539062,1008.44482421875,555.7495727539062,960.3447265625,570.462646484375,1023.4093017578125,580.6280517578125,957.6724853515625,610.8568115234375,1046.6575927734375,606.57666015625
,,,,,,972.7020263671875,495.921875,985.5367431640625,494.0519714355469,974.0389404296875,513.018310546875,993.5584716796875,513.018310546875,989.2802124023438,536.2587280273438,997.0345458984375,535.9915771484375,,,999.4410400390625,556.2935791015625,981.7932739257812,557.6292724609375,999.7084350585938,556.0264282226562,954.5194702148438,571.2529296875,1017.356201171875,581.6710815429688,957.193359375,610.254150390625,1043.827880859375,605.712890625
,,962.7031860351562,498.4847106933594,,,953.08984375,495.46002197265625,966.5485229492188,496.5599060058594,967.3724975585938,514.9829711914062,,,,,,,1046.201904296875,610.1231079101562,1045.652587890625,609.84814453125,973.1405029296875,561.7281494140625,986.8739013671875,556.7786254882812,941.8284912109375,575.751708984375,1002.2552490234375,578.5013427734375,962.9778442382812,609.023193359375,,
,,955.3997802734375,492.9896240234375,949.4973754882812,492.9896240234375,945.2813720703125,492.9896240234375,957.086181640625,497.7711181640625,,,,,946.1246337890625,541.6483764648438,947.8109741210938,543.3359375,945.843505859375,542.2109375,,,970.577392578125,560.4931030273438,986.3170776367188,560.4931030273438,942.7518310546875,579.900390625,998.9650268554688,577.9315185546875,966.080322265625,611.4019775390625,1041.6871337890625,607.4642944335938
933.0587158203125,526.2301025390625,933.6275024414062,524.8018798828125,933.6275024414062,524.5162353515625,937.0404052734375,524.8018798828125,932.4898681640625,525.0875244140625,938.7468872070312,531.3716430664062,935.6183471679688,530.2290649414062,937.6092529296875,542.2261352539062,,,,,,,,,,,,,,,,,,
,,,,,,,,,,,,,,,,,,,,,,,,,,929.7072143554688,588.3984375,978.0360107421875,579.526611328125,964.0235595703125,607.2867431640625,,
,,,,,,,,,,,,,,916.2828369140625,554.1747436523438,,,923.2379760742188,522.4279174804688,,,,,,,922.6815795898438,593.162109375,924.0726318359375,592.0481567382812,960.7958984375,604.3013305664062,972.7587890625,585.3646240234375
885.4866943359375,503.98614501953125,881.1351318359375,500.17242431640625,883.3109130859375,499.9000244140625,894.7337036132812,502.07928466796875,880.3192138671875,501.53448486328125,,,,,908.332275390625,544.8475341796875,,,900.1731567382812,564.4609375,900.4451293945312,564.4609375,,,,,,,,,,,,
,,,,,,,,,,,,,,,,,,896.3143310546875,523.4666748046875,,,,,,,918.6099853515625,595.25927734375,920.2821044921875,593.3114013671875,960.1355590820312,604.7203369140625,,
855.0087280273438,517.4631958007812,858.7469482421875,513.1609497070312,853.8584594726562,512.5873413085938,863.9229736328125,512.5873413085938,,,,,,,,,,,,,,,,,,,915.9705810546875,594.616455078125,907.6314697265625,553.6019287109375,957.378662109375,604.0814208984375,,
846.5177001953125,521.4085083007812,849.8917236328125,516.3584594726562,842.3001708984375,515.5167846679688,851.8599243164062,514.114013671875,,,,,,,,,,,,,,,,,,,912.311279296875,591.267578125,,,951.3938598632812,599.96484375,,
827.1387329101562,528.6854858398438,828.5054931640625,523.2257690429688,,,835.8857421875,523.2257690429688,,,,,,,,,,,,,,,876.3406982421875,548.3403930664062,,,905.315185546875,586.5582885742188,,,949.3236083984375,597.7506713867188,,
837.1273193359375,546.6116943359375,840.5715942382812,544.2349853515625,836.0675659179688,545.0272216796875,837.9221801757812,554.006103515625,858.3228759765625,559.5518188476562,,,,,826.2646484375,579.6221923828125,,,938.0709838867188,593.0905151367188,938.8658447265625,593.8827514648438,,,,,,,,,,,,
853.2894287109375,551.223388671875,854.849365234375,547.0718994140625,846.009765625,547.0718994140625,829.37060546875,555.6343383789062,851.4695434570312,558.22900390625,825.9907836914062,584.1757202148438,,,884.4879150390625,584.4351806640625,884.4879150390625,585.4730224609375,785.9527587890625,599.2247924804688,923.7459716796875,589.3650512695312,,,,,,,,,,,,
809.0602416992188,563.59423828125,811.3203735351562,561.0848999023438,777.4183349609375,549.0401000976562,814.836181640625,561.3358154296875,835.4285278320312,560.833984375,806.8001098632812,580.9086303710938,836.181884765625,574.6353149414062,863.5546875,590.6950073242188,862.8013305664062,591.4478149414062,,,903.7349853515625,591.94970703125,,,,,,,,,,,,
834.6708374023438,557.9584350585938,834.4261474609375,553.3078002929688,831.7349243164062,553.0630493164062,810.93896484375,562.6090087890625,831.9795532226562,560.1613159179688,803.1099243164062,581.2114868164062,828.0650634765625,583.1696166992188,855.9560546875,592.4708251953125,855.9560546875,592.715576171875,803.3546142578125,554.286865234375,,,,,,,,,,,898.771240234375,598.3452758789062,898.2818603515625,598.3452758789062
762.87353515625,569.1470336914062,761.8982543945312,565.98046875,758.9723510742188,567.685546875,765.311767578125,560.3781127929688,759.703857421875,568.416259765625,783.5984497070312,560.3781127929688,782.8670043945312,569.1470336914062,817.9774780273438,545.7632446289062,756.290283203125,577.4287719726562,,,737.0283203125,590.5822143554688,,,,,829.6809692382812,589.1207275390625,781.8917236328125,579.1338500976562,771.651123046875,606.9021606445312,771.4073486328125,606.9021606445312
788.1054077148438,565.3513793945312,790.2885131835938,563.4114990234375,752.20556640625,569.7161254882812,757.2994384765625,569.4736328125,759.9676513671875,557.3493041992188,774.2791137695312,559.2891845703125,770.155517578125,562.1990356445312,816.4857177734375,545.7098999023438,752.4481201171875,579.6581420898438,824.2478637695312,571.656005859375,740.804931640625,589.1151123046875,,,,,826.9161376953125,590.570068359375,827.4012451171875,590.8125610351562,866.4544677734375,601.239501953125,861.6031494140625,599.2996215820312
,,,,,,,,,,,,,,,,,,,,,,,,,,,,,,,,,
,,,,,,,,,,,,,,,,,,,,,,,,,,,,,,,,,
,,,,,,,,,,,,,,,,,,,,,,,,,,,,,,,,,
,,,,,,,,,,,,,,,,,,,,,,,,,,,,,,,,,
,,,,,,,,,,,,,,,,,,,,,,,,,,,,,,,,,
,,,,,,,,,,,,,,,,,,,,,,,,,,,,,,,,,
,,,,,,,,,,,,,,,,,,,,,,,,,,,,,,,,,
,,,,,,,,,,,,,,,,,,,,,,,,,,,,,,,,,
,,,,,,,,,,,,,,,,,,,,,,,,,,,,,,,,,
,,,,,,,,,,,,,,,,,,,,,,,,,,,,,,,,,
,,,,,,,,,,,,,,,,,,,,,,,,,,,,,,,,,
,,,,,,,,,,,,,,,,,,,,,,,,,,,,,,,,,
751.8133544921875,533.6849365234375,722.344970703125,521.1187133789062,753.1839599609375,528.4299926757812,732.1677856445312,516.5491943359375,733.08154296875,516.3206787109375,,,731.482421875,527.28759765625,769.174560546875,536.6551513671875,720.7459106445312,544.6517944335938,769.85986328125,552.1915283203125,715.0350341796875,560.188232421875,761.1792602539062,544.1948852539062,744.27490234375,544.1948852539062,750.8995971679688,577.7809448242188,739.7061767578125,573.8968505859375,742.218994140625,598.3438720703125,751.8133544921875,603.141845703125
720.1362915039062,525.839111328125,720.36376953125,521.9741821289062,719.2265014648438,524.0203247070312,730.82666015625,516.7451782226562,731.9639282226562,517.1998901367188,,,,,767.6741943359375,536.5244140625,719.2265014648438,544.4815673828125,768.583984375,553.575439453125,714.449951171875,560.1685180664062,758.803466796875,546.3003540039062,742.4268188476562,545.8456420898438,750.8425903320312,574.2640380859375,737.8777465820312,574.2640380859375,746.2935180664062,594.7252807617188,741.0620727539062,591.9971313476562
735.2422485351562,535.4371948242188,718.7847900390625,522.7647705078125,717.6727905273438,523.4317016601562,723.2327270507812,518.762939453125,,,,,719.6743774414062,525.8772583007812,765.7107543945312,539.4390258789062,717.6727905273438,542.9962158203125,766.82275390625,557.6695556640625,713.8920288085938,560.1151123046875,757.4820556640625,541.43994140625,740.5797729492188,546.1087646484375,748.3637084960938,580.791259765625,736.1318359375,572.3429565429688,745.9173583984375,603.46826171875,739.91259765625,603.46826171875
749.4682006835938,535.74365234375,714.4789428710938,523.9163818359375,747.10693359375,535.0985717773438,750.1121826171875,521.120849609375,,,,,719.8453369140625,527.3570556640625,,,716.62548828125,543.7001953125,765.996826171875,555.5274658203125,712.976318359375,560.6884765625,756.5518798828125,541.1196899414062,738.949951171875,544.775390625,747.965576171875,577.4617309570312,734.0128173828125,572.9458618164062,739.3792724609375,614.4488525390625,737.0180053710938,607.3524780273438
750.2021484375,531.6751098632812,752.9136352539062,528.3407592773438,748.5335693359375,528.5491333007812,747.073486328125,521.463623046875,,,758.3365478515625,532.0919189453125,717.0387573242188,528.3407592773438,763.759521484375,540.219482421875,714.9530029296875,544.387451171875,766.470947265625,556.4745483398438,712.032958984375,559.6005249023438,754.3736572265625,554.807373046875,737.0619506835938,552.9317626953125,743.9448852539062,575.4388427734375,733.3076171875,575.4388427734375,738.9390869140625,616.4933471679688,746.2391967773438,595.4451293945312
747.3425903320312,534.078125,749.2291259765625,530.9307250976562,743.3599243164062,532.3994750976562,752.373291015625,527.7832641601562,,,759.5001831054688,536.1763916015625,717.158203125,531.1405029296875,,,713.5947265625,545.8284301757812,765.5789794921875,555.0608520507812,710.0313110351562,560.516357421875,754.888671875,555.2706298828125,736.442626953125,550.8642578125,749.438720703125,580.2401123046875,732.040771484375,576.6730346679688,738.7484130859375,616.3303833007812,746.0848999023438,597.4459228515625
746.8543701171875,534.0187377929688,748.9268798828125,531.32177734375,742.9166259765625,532.151611328125,753.0718994140625,528.0025024414062,,,,,725.0930786132812,529.2471923828125,761.3619384765625,535.470947265625,713.487060546875,543.1467895507812,766.3359375,552.8972778320312,708.7202758789062,559.535888671875,752.8646240234375,556.4240112304688,734.4193115234375,552.4823608398438,749.3413696289062,579.6591796875,731.1033325195312,577.7920532226562,747.890625,597.50048828125,735.8701171875,612.0223999023438
746.287353515625,531.8185424804688,709.9415283203125,525.75927734375,744.6162719726562,529.9381103515625,725.8167114257812,515.3123168945312,716.4169311523438,517.1927490234375,,,714.9547119140625,528.0576171875,,,711.8214721679688,544.3549194335938,,,706.599365234375,561.279052734375,751.300537109375,555.8466186523438,733.7542724609375,553.13037109375,747.74951171875,580.7103881835938,730.6210327148438,578.6210327148438,738.55859375,616.2301025390625,737.5142211914062,614.55859375
747.5528564453125,529.4056396484375,750.0696411132812,527.7269897460938,745.2457275390625,528.3565063476562,716.0924682617188,515.7661743164062,741.051025390625,528.5663452148438,,,715.0437622070312,528.7761840820312,,,712.1074829101562,541.9959716796875,766.0095825195312,550.3895263671875,704.9764404296875,558.3634033203125,750.9085693359375,557.73388671875,732.6615600585938,556.2650146484375,743.9873046875,581.4456787109375,729.9349975585938,578.9276123046875,742.3094482421875,615.4395141601562,733.50048828125,601.1705322265625
713.094970703125,525.6111450195312,711.218017578125,523.7334594726562,708.5068969726562,527.2801513671875,716.2232055664062,516.0142211914062,708.0897827148438,527.4888305664062,,,714.3463134765625,528.1146850585938,,,711.8436889648438,541.4669189453125,763.56396484375,548.14306640625,704.7529907226562,555.8623046875,750.6338500976562,553.5673828125,734.3670043945312,551.6897583007812,742.2918701171875,581.1064453125,729.36181640625,577.35107421875,741.4577026367188,615.5301513671875,753.9706420898438,603.2210693359375
717.9981689453125,514.6533203125,711.1932983398438,526.8101806640625,716.1422729492188,514.447265625,718.822998046875,516.5077514648438,717.9981689453125,516.7138061523438,752.6412353515625,526.8101806640625,719.2354125976562,525.7799682617188,759.2399291992188,523.101318359375,711.8118896484375,537.7307739257812,763.9827270507812,545.7667236328125,706.2442626953125,552.1542358398438,749.9605712890625,552.1542358398438,733.876220703125,548.2393188476562,741.2998046875,580.3829345703125,729.9583129882812,577.9103393554688,750.9915771484375,607.5814208984375,736.9693603515625,612.114501953125
715.3327026367188,527.8582763671875,714.0982666015625,525.3822631835938,713.275390625,527.2392578125,719.6530151367188,515.6845703125,719.0358276367188,515.6845703125,751.1297607421875,525.3822631835938,718.0072021484375,524.3505859375,759.3590087890625,522.699951171875,711.6295166015625,535.9053344726562,764.0908203125,542.9207153320312,706.897705078125,550.9677124023438,749.4839477539062,555.30078125,733.0255126953125,553.4437255859375,742.4890747070312,580.88623046875,730.5567016601562,577.3785400390625,749.6896362304688,604.8209838867188,736.7286376953125,613.899658203125
723.8377075195312,517.8650512695312,722.1893310546875,512.9119262695312,721.1590576171875,519.9288330078125,721.5711669921875,512.9119262695312,719.3046264648438,519.722412109375,753.3028564453125,522.198974609375,719.3046264648438,526.3265991210938,763.8114624023438,535.820068359375,712.2989501953125,531.2797241210938,765.2537841796875,544.6943969726562,708.1779174804688,547.3773193359375,748.769775390625,554.1878662109375,731.6676025390625,554.1878662109375,742.1762084960938,581.0172119140625,730.4313354492188,580.3981323242188,745.0609130859375,609.0848999023438,735.1704711914062,615.0699462890625
724.568115234375,520.7407836914062,725.803955078125,513.7329711914062,722.3023681640625,520.9468994140625,724.7740478515625,511.67181396484375,723.3322143554688,511.8779296875,753.610595703125,520.7407836914062,721.2724609375,523.8324584960938,,,712.8275146484375,527.9547119140625,764.3212890625,542.176513671875,709.5319213867188,544.6498413085938,748.0492553710938,556.3983154296875,731.365234375,556.1921997070312,743.3118286132812,583.6051635742188,730.5413818359375,581.5440673828125,743.1058349609375,618.6443481445312,734.8668212890625,610.1937255859375
723.9423217773438,522.8445434570312,723.735107421875,520.3558959960938,721.663330078125,522.4297485351562,725.1853637695312,506.46099853515625,724.1494750976562,506.46099853515625,753.3614501953125,519.5263671875,719.5916137695312,520.7706909179688,,,714.2049560546875,528.8587646484375,764.5490112304688,541.5093383789062,710.475830078125,543.7905883789062,747.974853515625,558.1002197265625,730.986328125,556.0263671875,743.831298828125,585.8900146484375,730.7791748046875,582.7792358398438,741.9666748046875,614.716796875,734.3011474609375,610.154296875
723.0155029296875,523.8763427734375,723.0155029296875,520.7435913085938,720.9265747070312,522.20556640625,727.6112060546875,513.6425170898438,720.0910034179688,520.5347290039062,753.7230834960938,523.0409545898438,720.7176513671875,523.4586791992188,,,713.1974487304688,534.5278930664062,764.1677856445312,541.4201049804688,711.3173828125,543.9263305664062,747.0384521484375,560.6346435546875,729.9090576171875,560.42578125,742.4427490234375,587.78564453125,729.4912719726562,585.6971435546875,739.5181884765625,623.0819091796875,733.04248046875,612.0126953125
738.4352416992188,534.344970703125,741.98583984375,529.1259765625,733.0048828125,532.2573852539062,729.8719482421875,512.6337280273438,721.517578125,521.1929931640625,753.6819458007812,523.9069213867188,720.68212890625,524.1156616210938,,,714.4163818359375,531.42236328125,763.9160766601562,544.7830810546875,712.3277587890625,546.8707275390625,746.3718872070312,561.901611328125,729.8719482421875,562.319091796875,741.568115234375,589.4581909179688,729.2454223632812,588.8319091796875,738.4352416992188,624.9476928710938,732.3782958984375,612.0044555664062
740.3616333007812,535.6740112304688,743.5040893554688,531.2676391601562,734.2862548828125,533.5757446289062,730.934326171875,516.3699340820312,722.7640380859375,521.6156005859375,753.9788208007812,520.7762451171875,,,,,716.4791870117188,527.910400390625,,,713.7557373046875,543.8572998046875,747.0654907226562,559.5942993164062,729.6773681640625,559.8041381835938,741.6185913085938,591.6978759765625,727.3729248046875,589.3897705078125,738.4761962890625,625.6898803710938,730.515380859375,614.9887084960938
723.5370483398438,525.4425048828125,725.4356689453125,522.06396484375,721.6384887695312,523.1197509765625,731.975341796875,515.51806640625,720.7946166992188,521.6416625976562,753.914794921875,521.852783203125,720.5836791992188,526.287109375,761.2982788085938,542.1239624023438,716.153564453125,536.4226684570312,761.2982788085938,559.2277221679688,714.2550048828125,548.8809814453125,745.8984375,567.251708984375,728.6000366210938,566.6182250976562,741.4683837890625,594.7022094726562,728.1781005859375,592.8017578125,738.5149536132812,624.4754028320312,730.0767211914062,613.4952392578125
726.01123046875,530.9031372070312,726.44091796875,524.6686401367188,723.2185668945312,526.3884887695312,734.3892822265625,511.98468017578125,721.9296264648438,521.8738403320312,753.5084838867188,521.8738403320312,725.79638671875,524.6686401367188,,,717.2035522460938,536.2777099609375,763.8199462890625,557.9909057617188,715.0552978515625,550.6815185546875,747.4934692382812,565.30029296875,729.4484252929688,565.30029296875,741.6932373046875,594.9678955078125,727.5150146484375,594.5379028320312,738.256103515625,626.3552856445312,729.2335815429688,614.9612426757812
